ayah,real_words,first_wrong_word,last_word_text,old_file_404,correct_file,num_wrong_words
2:2,7,5,لِّلْمُتَّقِينَ,9,7,3
2:5,8,6,ٱلْمُفْلِحُونَ,9,8,3
2:7,12,7,عَظِيمٌۭ,14,12,6
2:10,12,7,يَكْذِبُونَ,13,12,6
2:13,19,13,يَعْلَمُونَ,20,19,7
2:19,19,17,بِٱلْكَـٰفِرِينَ,20,19,3
2:20,25,5,قَدِيرٌۭ,28,25,21
2:22,23,18,تَعْلَمُونَ,24,23,6
2:24,13,12,لِلْكَـٰفِرِينَ,14,13,2
2:25,34,13,خَـٰلِدُونَ,39,34,22
2:26,39,1,ٱلْفَـٰسِقِينَ,44,39,39
2:27,20,18,ٱلْخَـٰسِرُونَ,21,20,3
2:28,13,7,تُرْجَعُونَ,14,13,7
2:29,19,16,عَلِيمٌۭ,20,19,4
2:30,28,10,تَعْلَمُونَ,30,28,19
2:32,12,9,ٱلْحَكِيمُ,13,12,4
2:33,22,5,تَكْتُمُونَ,23,22,18
2:36,19,8,حِينٍۢ,21,19,12
2:37,11,8,ٱلرَّحِيمُ,12,11,4
2:38,17,5,يَحْزَنُونَ,18,17,13
2:39,10,8,خَـٰلِدُونَ,11,10,3
2:41,18,12,فَٱتَّقُونِ,19,18,7
2:44,10,1,تَعْقِلُونَ,12,10,10
2:45,8,4,ٱلْخَـٰشِعِينَ,9,8,5
2:49,18,13,عَظِيمٌۭ,19,18,6
2:54,26,23,ٱلرَّحِيمُ,27,26,4
2:57,18,8,يَظْلِمُونَ,20,18,11
2:58,20,19,ٱلْمُحْسِنِينَ,21,20,2
2:60,28,1,مُفْسِدِينَ,32,28,28
2:61,59,23,يَعْتَدُونَ,64,59,37
2:64,13,6,ٱلْخَـٰسِرِينَ,14,13,8
2:67,20,11,ٱلْجَـٰهِلِينَ,22,20,10
2:68,23,9,تُؤْمَرُونَ,25,23,15
2:69,18,9,ٱلنَّـٰظِرِينَ,19,18,10
2:71,24,17,يَفْعَلُونَ,26,24,8
2:72,10,6,تَكْتُمُونَ,11,10,5
2:73,11,4,تَعْقِلُونَ,12,11,8
2:74,37,12,تَعْمَلُونَ,41,37,26
2:75,19,1,يَعْلَمُونَ,20,19,19
2:76,23,22,تَعْقِلُونَ,24,23,2
2:79,24,16,يَكْسِبُونَ,25,24,9
2:80,23,8,تَعْلَمُونَ,25,23,16
2:81,13,11,خَـٰلِدُونَ,14,13,3
2:82,10,8,خَـٰلِدُونَ,11,10,3
2:85,49,23,تَعْمَلُونَ,53,49,27
2:86,13,7,يُنصَرُونَ,14,13,7
2:87,28,9,تَقْتُلُونَ,30,28,20
2:88,10,4,يُؤْمِنُونَ,11,10,7
2:89,26,23,ٱلْكَـٰفِرِينَ,27,26,4
2:90,27,21,مُّهِينٌۭ,29,27,7
2:91,30,21,مُّؤْمِنِينَ,31,30,10
2:92,11,1,ظَـٰلِمُونَ,12,11,11
2:93,27,12,مُّؤْمِنِينَ,29,27,16
2:95,9,7,بِٱلظَّـٰلِمِينَ,10,9,3
2:96,25,9,يَعْمَلُونَ,27,25,17
2:99,10,6,ٱلْفَـٰسِقُونَ,11,10,5
2:100,10,7,يُؤْمِنُونَ,11,10,4
2:102,74,8,يَعْلَمُونَ,82,74,67
2:103,12,10,يَعْلَمُونَ,13,12,3
2:104,12,10,أَلِيمٌۭ,13,12,3
2:105,25,17,ٱلْعَظِيمِ,27,25,9
2:106,19,1,قَدِيرٌ,21,19,19
2:107,17,9,نَصِيرٍ,18,17,9
2:108,18,11,ٱلسَّبِيلِ,19,18,8
2:109,33,22,قَدِيرٌۭ,35,33,12
2:110,17,5,بَصِيرٌۭ,19,17,13
2:111,18,11,صَـٰدِقِينَ,20,18,8
2:113,31,16,يَخْتَلِفُونَ,33,31,16
2:114,30,14,عَظِيمٌۭ,32,30,17
2:115,12,4,عَلِيمٌۭ,14,12,9
2:116,14,5,قَـٰنِتُونَ,17,14,10
2:117,11,4,فَيَكُونُ,12,11,8
2:118,24,11,يُوقِنُونَ,27,24,14
2:119,10,6,ٱلْجَحِيمِ,11,10,5
2:120,31,10,نَصِيرٍ,34,31,22
2:121,15,10,ٱلْخَـٰسِرُونَ,16,15,6
2:124,19,1,ٱلظَّـٰلِمِينَ,23,19,19
2:125,22,12,ٱلسُّجُودِ,23,22,11
2:126,30,19,ٱلْمَصِيرُ,32,30,12
2:127,14,11,ٱلْعَلِيمُ,15,14,4
2:128,17,14,ٱلرَّحِيمُ,18,17,4
2:129,16,13,ٱلْحَكِيمُ,17,16,4
2:130,18,10,ٱلصَّـٰلِحِينَ,20,18,9
2:131,9,6,ٱلْعَـٰلَمِينَ,10,9,4
2:134,15,5,يَعْمَلُونَ,17,15,11
2:135,15,7,ٱلْمُشْرِكِينَ,17,15,9
2:137,19,9,ٱلْعَلِيمُ,22,19,11
2:138,10,3,عَـٰبِدُونَ,12,10,8
2:140,30,13,تَعْمَلُونَ,33,30,18
2:141,15,5,يَعْمَلُونَ,17,15,11
2:142,21,1,مُّسْتَقِيمٍۢ,24,21,21
2:143,45,13,رَّحِيمٌۭ,49,45,33
2:144,34,7,يَعْمَلُونَ,39,34,28
2:145,32,11,ٱلظَّـٰلِمِينَ,36,32,22
2:146,14,8,يَعْلَمُونَ,15,14,7
2:147,7,4,ٱلْمُمْتَرِينَ,8,7,4
2:148,19,5,قَدِيرٌۭ,22,19,15
2:149,17,9,تَعْمَلُونَ,19,17,9
2:150,31,9,تَهْتَدُونَ,32,31,23
2:153,10,7,ٱلصَّـٰبِرِينَ,11,10,4
2:154,13,9,تَشْعُرُونَ,14,13,5
2:155,12,11,ٱلصَّـٰبِرِينَ,13,12,2
2:157,9,7,ٱلْمُهْتَدُونَ,10,9,3
2:158,24,1,عَلِيمٌ,27,24,24
2:159,20,16,ٱللَّـٰعِنُونَ,21,20,5
2:160,11,9,ٱلرَّحِيمُ,12,11,3
2:162,9,3,يُنظَرُونَ,10,9,7
2:163,9,4,ٱلرَّحِيمُ,10,9,6
2:165,31,12,ٱلْعَذَابِ,33,31,20
2:167,23,13,ٱلنَّارِ,25,23,11
2:168,16,13,مُّبِينٌ,17,16,4
2:170,22,15,يَهْتَدُونَ,23,22,8
2:171,18,13,يَعْقِلُونَ,19,18,6
2:173,25,13,رَّحِيمٌ,27,25,13
2:174,29,13,أَلِيمٌ,30,29,17
2:175,11,8,ٱلنَّارِ,12,11,4
2:176,14,7,بَعِيدٍۢ,15,14,8
2:177,51,1,ٱلْمُتَّقُونَ,55,51,51
2:178,37,9,أَلِيمٌۭ,41,37,29
2:180,16,14,ٱلْمُتَّقِينَ,17,16,3
2:181,13,11,عَلِيمٌۭ,14,13,3
2:182,16,13,رَّحِيمٌۭ,17,16,4
2:184,32,3,تَعْلَمُونَ,37,32,30
2:185,44,13,تَشْكُرُونَ,47,44,32
2:186,17,7,يَرْشُدُونَ,19,17,11
2:187,65,8,يَتَّقُونَ,73,65,58
2:189,27,1,تُفْلِحُونَ,32,27,27
2:190,13,9,ٱلْمُعْتَدِينَ,14,13,5
2:191,25,8,ٱلْكَـٰفِرِينَ,29,25,18
2:193,15,9,ٱلظَّـٰلِمِينَ,16,15,7
2:194,22,7,ٱلْمُتَّقِينَ,24,22,16
2:195,14,10,ٱلْمُحْسِنِينَ,16,14,5
2:196,73,5,ٱلْعِقَابِ,81,73,69
2:197,29,4,ٱلْأَلْبَـٰبِ,33,29,26
2:198,26,9,ٱلضَّآلِّينَ,28,26,18
2:199,12,9,رَّحِيمٌۭ,13,12,4
2:200,24,11,خَلَـٰقٍۢ,25,24,14
2:202,8,6,ٱلْحِسَابِ,9,8,3
2:203,25,1,تُحْشَرُونَ,29,25,25
2:205,14,11,ٱلْفَسَادَ,15,14,4
2:206,12,9,ٱلْمِهَادُ,14,12,4
2:207,11,9,بِٱلْعِبَادِ,12,11,3
2:208,15,12,مُّبِينٌۭ,16,15,4
2:210,17,14,ٱلْأُمُورُ,18,17,4
2:211,20,9,ٱلْعِقَابِ,21,20,12
2:212,20,10,حِسَابٍۢ,22,20,11
2:213,49,20,مُّسْتَقِيمٍ,52,49,30
2:214,30,13,قَرِيبٌۭ,32,30,18
2:215,22,4,عَلِيمٌۭ,24,22,19
2:216,25,7,تَعْلَمُونَ,28,25,19
2:217,57,7,خَـٰلِدُونَ,64,57,51
2:218,16,14,رَّحِيمٌۭ,17,16,3
2:219,26,1,تَتَفَكَّرُونَ,30,26,26
2:220,26,4,حَكِيمٌۭ,32,26,23
2:221,39,6,يَتَذَكَّرُونَ,45,39,34
2:222,27,4,ٱلْمُتَطَهِّرِينَ,31,27,24
2:223,16,8,ٱلْمُؤْمِنِينَ,19,16,9
2:224,14,12,عَلِيمٌۭ,15,14,3
2:225,14,12,حَلِيمٌۭ,15,14,3
2:226,13,8,رَّحِيمٌۭ,14,13,6
2:228,40,6,حَكِيمٌ,45,40,35
2:229,46,3,ٱلظَّـٰلِمُونَ,51,46,44
2:230,30,12,يَعْلَمُونَ,32,30,19
2:231,45,11,عَلِيمٌۭ,50,45,35
2:232,33,15,تَعْلَمُونَ,36,33,19
2:233,64,1,بَصِيرٌۭ,73,64,64
2:234,25,11,خَبِيرٌۭ,27,25,15
2:235,47,14,حَلِيمٌۭ,51,47,34
2:236,25,14,ٱلْمُحْسِنِينَ,27,25,12
2:237,35,23,بَصِيرٌ,38,35,13
2:239,15,6,تَعْلَمُونَ,16,15,10
2:240,27,13,حَكِيمٌۭ,29,27,15
2:241,6,4,ٱلْمُتَّقِينَ,7,6,3
2:243,28,1,يَشْكُرُونَ,30,28,28
2:245,16,12,تُرْجَعُونَ,17,16,5
2:246,54,22,بِٱلظَّـٰلِمِينَ,58,54,33
2:247,43,11,عَلِيمٌۭ,47,43,33
2:248,30,23,مُّؤْمِنِينَ,31,30,8
2:249,60,25,ٱلصَّـٰبِرِينَ,64,60,36
2:251,27,14,ٱلْعَـٰلَمِينَ,28,27,14
2:252,9,7,ٱلْمُرْسَلِينَ,10,9,3
2:253,52,1,يُرِيدُ,58,52,52
2:254,21,19,ٱلظَّـٰلِمُونَ,22,21,3
2:255,50,8,ٱلْعَظِيمُ,58,50,43
2:256,24,5,عَلِيمٌ,27,24,20
2:257,24,10,خَـٰلِدُونَ,27,24,15
2:258,43,24,ٱلظَّـٰلِمِينَ,45,43,20
2:259,67,17,قَدِيرٌۭ,74,67,51
2:260,39,9,حَكِيمٌۭ,43,39,31
2:261,24,18,عَلِيمٌ,26,24,7
2:262,24,15,يَحْزَنُونَ,25,24,10
2:263,11,1,حَلِيمٌۭ,13,11,11
2:264,38,19,ٱلْكَـٰفِرِينَ,41,38,20
2:265,27,24,بَصِيرٌ,28,27,4
2:266,35,29,تَتَفَكَّرُونَ,36,35,7
2:267,29,14,حَمِيدٌ,31,29,16
2:268,13,6,عَلِيمٌۭ,15,13,8
2:269,16,5,ٱلْأَلْبَـٰبِ,18,16,12
2:270,15,12,أَنصَارٍ,16,15,4
2:271,20,6,خَبِيرٌۭ,23,20,15
2:272,28,1,تُظْلَمُونَ,32,28,28
2:273,30,23,عَلِيمٌ,31,30,8
2:275,45,14,خَـٰلِدُونَ,50,45,32
2:276,11,6,أَثِيمٍ,12,11,6
2:279,17,9,تُظْلَمُونَ,18,17,9
2:280,14,8,تَعْلَمُونَ,16,14,7
2:281,15,7,يُظْلَمُونَ,16,15,9
2:282,128,11,عَلِيمٌۭ,144,128,118
2:283,32,1,عَلِيمٌۭ,37,32,32
2:284,28,8,قَدِيرٌ,31,28,21
2:285,27,9,ٱلْمَصِيرُ,30,27,19
2:286,49,7,ٱلْكَـٰفِرِينَ,55,49,43
3:4,18,7,ٱنتِقَامٍ,20,18,12
3:6,13,8,ٱلْحَكِيمُ,14,13,6
3:7,46,14,ٱلْأَلْبَـٰبِ,50,46,33
3:8,15,13,ٱلْوَهَّابُ,16,15,3
3:9,13,9,ٱلْمِيعَادَ,14,13,5
3:10,16,13,ٱلنَّارِ,17,16,4
3:11,14,7,ٱلْعِقَابِ,16,14,8
3:12,9,8,ٱلْمِهَادُ,10,9,2
3:13,29,8,ٱلْأَبْصَـٰرِ,32,29,22
3:14,24,17,ٱلْمَـَٔابِ,26,24,8
3:15,24,1,بِٱلْعِبَادِ,27,24,24
3:18,18,13,ٱلْحَكِيمُ,19,18,6
3:19,26,6,ٱلْحِسَابِ,28,26,21
3:20,26,9,بِٱلْعِبَادِ,30,26,18
3:24,15,10,يَفْتَرُونَ,16,15,6
3:26,25,19,قَدِيرٌۭ,27,25,7
3:27,21,9,حِسَابٍۢ,23,21,13
3:28,27,9,ٱلْمَصِيرُ,30,27,19
3:29,22,11,قَدِيرٌۭ,24,22,12
3:30,26,21,بِٱلْعِبَادِ,28,26,6
3:31,14,12,رَّحِيمٌۭ,15,14,3
3:32,11,5,ٱلْكَـٰفِرِينَ,12,11,7
3:33,11,1,ٱلْعَـٰلَمِينَ,12,11,11
3:34,7,5,عَلِيمٌ,8,7,3
3:35,18,15,ٱلْعَلِيمُ,19,18,4
3:36,24,15,ٱلرَّجِيمِ,25,24,10
3:37,34,10,حِسَابٍ,38,34,25
3:38,15,5,ٱلدُّعَآءِ,17,15,11
3:40,17,12,يَشَآءُ,18,17,6
3:41,20,6,وَٱلْإِبْكَـٰرِ,22,20,15
3:44,20,7,يَخْتَصِمُونَ,21,20,14
3:47,23,10,فَيَكُونُ,25,23,14
3:49,45,11,مُّؤْمِنِينَ,49,45,35
3:50,19,13,وَأَطِيعُونِ,20,19,7
3:51,8,6,مُّسْتَقِيمٌۭ,9,8,3
3:52,20,1,مُسْلِمُونَ,22,20,20
3:54,6,4,ٱلْمَـٰكِرِينَ,7,6,3
3:55,30,22,تَخْتَلِفُونَ,31,30,9
3:57,11,8,ٱلظَّـٰلِمِينَ,12,11,4
3:59,15,8,فَيَكُونُ,16,15,8
3:62,15,6,ٱلْحَكِيمُ,17,15,10
3:64,31,26,مُسْلِمُونَ,32,31,6
3:65,15,14,تَعْقِلُونَ,16,15,2
3:66,19,15,تَعْلَمُونَ,20,19,5
3:68,13,11,ٱلْمُؤْمِنِينَ,14,13,3
3:73,32,22,عَلِيمٌۭ,34,32,11
3:74,8,5,ٱلْعَظِيمِ,9,8,4
3:75,36,1,يَعْلَمُونَ,38,36,36
3:80,13,8,مُّسْلِمُونَ,14,13,6
3:81,33,20,ٱلشَّـٰهِدِينَ,36,33,14
3:86,18,14,ٱلظَّـٰلِمِينَ,19,18,5
3:91,24,17,نَّـٰصِرِينَ,25,24,8
3:92,15,8,عَلِيمٌۭ,16,15,8
3:93,24,1,صَـٰدِقِينَ,26,24,24
3:95,11,4,ٱلْمُشْرِكِينَ,12,11,8
3:97,25,6,ٱلْعَـٰلَمِينَ,28,25,20
3:99,19,15,تَعْمَلُونَ,20,19,5
3:101,17,10,مُّسْتَقِيمٍۢ,18,17,8
3:103,34,7,تَهْتَدُونَ,36,34,28
3:104,14,12,ٱلْمُفْلِحُونَ,15,14,3
3:105,14,11,عَظِيمٌۭ,15,14,4
3:106,17,6,تَكْفُرُونَ,18,17,12
3:108,11,7,لِّلْعَـٰلَمِينَ,12,11,5
3:109,11,8,ٱلْأُمُورُ,12,11,4
3:110,23,13,ٱلْفَـٰسِقُونَ,25,23,11
3:111,11,5,يُنصَرُونَ,12,11,7
3:112,35,21,يَعْتَدُونَ,37,35,15
3:113,14,1,يَسْجُدُونَ,16,14,14
3:115,9,7,بِٱلْمُتَّقِينَ,10,9,3
3:116,18,13,خَـٰلِدُونَ,20,18,6
3:117,23,18,يَظْلِمُونَ,24,23,6
3:118,30,24,تَعْقِلُونَ,32,30,7
3:119,27,20,ٱلصُّدُورِ,29,27,8
3:120,21,10,مُحِيطٌۭ,23,21,12
3:121,11,9,عَلِيمٌ,12,11,3
3:122,12,9,ٱلْمُؤْمِنُونَ,13,12,4
3:123,10,7,تَشْكُرُونَ,11,10,4
3:125,15,2,مُسَوِّمِينَ,16,15,14
3:126,17,10,ٱلْحَكِيمِ,18,17,8
3:129,16,8,رَّحِيمٌۭ,18,16,9
3:130,12,9,تُفْلِحُونَ,13,12,4
3:133,11,1,لِلْمُتَّقِينَ,12,11,11
3:134,13,11,ٱلْمُحْسِنِينَ,14,13,3
3:136,15,13,ٱلْعَـٰمِلِينَ,16,15,3
3:140,24,9,ٱلظَّـٰلِمِينَ,26,24,16
3:144,27,10,ٱلشَّـٰكِرِينَ,30,27,18
3:145,24,11,ٱلشَّـٰكِرِينَ,26,24,14
3:146,21,19,ٱلصَّـٰبِرِينَ,22,21,3
3:148,10,8,ٱلْمُحْسِنِينَ,11,10,3
3:150,6,4,ٱلنَّـٰصِرِينَ,7,6,3
3:151,19,15,ٱلظَّـٰلِمِينَ,21,19,5
3:152,40,8,ٱلْمُؤْمِنِينَ,45,40,33
3:153,25,1,تَعْمَلُونَ,27,25,25
3:154,75,12,ٱلصُّدُورِ,83,75,64
3:155,21,14,حَلِيمٌۭ,23,21,8
3:156,36,30,بَصِيرٌۭ,38,36,7
3:159,30,7,ٱلْمُتَوَكِّلِينَ,34,30,24
3:160,18,7,ٱلْمُؤْمِنُونَ,20,18,12
3:161,21,6,يُظْلَمُونَ,23,21,16
3:162,13,12,ٱلْمَصِيرُ,14,13,2
3:163,8,5,يَعْمَلُونَ,9,8,4
3:165,20,10,قَدِيرٌۭ,22,20,11
3:167,33,4,يَكْتُمُونَ,38,33,30
3:168,16,9,صَـٰدِقِينَ,17,16,8
3:169,13,9,يُرْزَقُونَ,14,13,5
3:171,11,1,ٱلْمُؤْمِنِينَ,12,11,11
3:172,15,10,عَظِيمٌ,16,15,6
3:174,15,12,عَظِيمٍ,16,15,4
3:176,22,7,عَظِيمٌ,25,22,16
3:178,17,10,مُّهِينٌۭ,19,17,8
3:179,36,15,عَظِيمٌۭ,39,36,22
3:180,30,13,خَبِيرٌۭ,34,30,18
3:181,22,12,ٱلْحَرِيقِ,23,22,11
3:183,28,15,صَـٰدِقِينَ,29,28,14
3:185,23,5,ٱلْغُرُورِ,26,23,19
3:186,24,1,ٱلْأُمُورِ,26,24,24
3:187,21,19,يَشْتَرُونَ,22,21,3
3:188,20,18,أَلِيمٌۭ,21,20,3
3:189,9,5,قَدِيرٌ,10,9,5
3:192,11,8,أَنصَارٍۢ,12,11,4
3:193,20,11,ٱلْأَبْرَارِ,21,20,10
3:194,14,11,ٱلْمِيعَادَ,15,14,4
3:195,43,14,ٱلثَّوَابِ,46,43,30
3:197,7,6,ٱلْمِهَادُ,8,7,2
3:198,21,17,لِّلْأَبْرَارِ,22,21,5
3:199,30,22,ٱلْحِسَابِ,32,30,9
4:1,28,18,رَقِيبًۭا,30,28,11
4:2,16,4,كَبِيرًۭا,19,16,13
4:3,28,16,تَعُولُوا۟,30,28,13
4:4,14,5,مَّرِيٓـًۭٔا,15,14,10
4:6,37,14,حَسِيبًۭا,42,37,24
4:7,19,18,مَّفْرُوضًۭا,20,19,2
4:10,13,12,سَعِيرًۭا,14,13,2
4:11,71,5,حَكِيمًۭا,81,71,67
4:12,88,1,حَلِيمٌۭ,99,88,88
4:13,18,4,ٱلْعَظِيمُ,20,18,15
4:15,22,10,سَبِيلًۭا,23,22,13
4:16,14,5,رَّحِيمًا,16,14,10
4:17,20,17,حَكِيمًۭا,21,20,4
4:18,24,20,أَلِيمًۭا,25,24,5
4:19,34,11,كَثِيرًۭا,37,34,24
4:20,17,14,مُّبِينًۭا,18,17,4
4:22,17,12,سَبِيلًا,18,17,6
4:23,54,50,رَّحِيمًۭا,55,54,5
4:24,42,1,حَكِيمًۭا,48,42,42
4:25,58,17,رَّحِيمٌۭ,65,58,42
4:26,14,12,حَكِيمٌۭ,15,14,3
4:28,8,6,ضَعِيفًۭا,9,8,3
4:29,23,16,رَحِيمًۭا,25,23,8
4:30,13,9,يَسِيرًا,14,13,5
4:32,27,10,عَلِيمًۭا,31,27,18
4:33,19,8,شَهِيدًا,21,19,12
4:34,40,15,كَبِيرًۭا,44,40,26
4:35,22,18,خَبِيرًۭا,23,22,5
4:36,32,1,فَخُورًا,35,32,32
4:37,15,12,مُّهِينًۭا,16,15,4
4:38,18,12,قَرِينًۭا,19,18,7
4:39,15,12,عَلِيمًا,16,15,4
4:40,15,7,عَظِيمًۭا,16,15,9
4:43,48,20,غَفُورًا,50,48,29
4:45,9,4,نَصِيرًۭا,10,9,6
4:46,38,20,قَلِيلًۭا,39,38,19
4:47,28,25,مَفْعُولًا,29,28,4
4:48,20,14,عَظِيمًا,21,20,7
4:49,14,7,فَتِيلًا,15,14,8
4:50,10,7,مُّبِينًا,11,10,4
4:52,11,5,نَصِيرًا,12,11,7
4:54,18,10,عَظِيمًۭا,19,18,9
4:55,11,9,سَعِيرًا,12,11,3
4:56,20,16,حَكِيمًۭا,21,20,5
4:57,20,14,ظَلِيلًا,22,20,7
4:58,25,1,بَصِيرًۭا,28,25,25
4:59,28,11,تَأْوِيلًا,30,28,18
4:64,23,9,رَّحِيمًۭا,24,23,15
4:66,27,17,تَثْبِيتًۭا,28,27,11
4:69,18,16,رَفِيقًۭا,19,18,3
4:70,7,5,عَلِيمًۭا,8,7,3
4:74,21,1,عَظِيمًۭا,23,21,21
4:76,20,7,ضَعِيفًا,22,20,14
4:77,48,27,فَتِيلًا,50,48,22
4:78,36,10,حَدِيثًۭا,40,36,27
4:79,18,7,شَهِيدًۭا,21,18,12
4:80,12,7,حَفِيظًۭا,13,12,6
4:81,24,13,وَكِيلًا,27,24,12
4:82,13,4,كَثِيرًۭا,14,13,10
4:83,30,10,قَلِيلًۭا,32,30,21
4:84,22,9,تَنكِيلًۭا,25,22,14
4:85,22,9,مُّقِيتًۭا,24,22,14
4:86,15,9,حَسِيبًا,16,15,7
4:87,17,6,حَدِيثًۭا,19,17,12
4:88,22,1,سَبِيلًۭا,25,22,22
4:89,28,8,نَصِيرًا,31,28,21
4:90,36,18,سَبِيلًۭا,38,36,19
4:91,32,15,مُّبِينًۭا,34,32,18
4:92,60,9,حَكِيمًۭا,65,60,52
4:94,39,26,خَبِيرًۭا,41,39,14
4:95,33,15,عَظِيمًۭا,36,33,19
4:96,8,5,رَّحِيمًا,9,8,4
4:97,27,10,مَصِيرًا,31,27,18
4:99,10,7,غَفُورًۭا,11,10,4
4:100,31,1,رَّحِيمًۭا,34,31,31
4:101,23,18,مُّبِينًۭا,24,23,6
4:102,62,28,مُّهِينًۭا,66,62,35
4:103,20,10,مَّوْقُوتًۭا,22,20,11
4:104,22,6,حَكِيمًا,25,22,17
4:105,15,12,خَصِيمًۭا,16,15,4
4:106,7,3,رَّحِيمًۭا,8,7,5
4:107,14,7,أَثِيمًۭا,15,14,8
4:108,21,17,مُحِيطًا,22,21,5
4:111,11,8,حَكِيمًۭا,12,11,4
4:113,33,15,عَظِيمًۭا,36,33,19
4:114,26,1,عَظِيمًۭا,28,26,26
4:115,20,19,مَصِيرًا,21,20,2
4:116,20,14,بَعِيدًا,21,20,7
4:118,8,3,مَّفْرُوضًۭا,9,8,6
4:119,21,11,مُّبِينًۭا,22,21,11
4:120,7,3,غُرُورًا,8,7,5
4:122,21,14,قِيلًۭا,23,21,8
4:123,20,7,نَصِيرًۭا,21,20,14
4:125,17,14,خَلِيلًۭا,18,17,4
4:126,12,8,مُّحِيطًۭا,13,12,5
4:127,40,4,عَلِيمًۭا,42,40,37
4:128,29,16,خَبِيرًۭا,32,29,14
4:129,22,9,رَّحِيمًۭا,24,22,14
4:130,11,8,حَكِيمًۭا,12,11,4
4:131,32,8,حَمِيدًۭا,35,32,25
4:132,10,8,وَكِيلًا,11,10,3
4:133,12,8,قَدِيرًۭا,13,12,5
4:134,14,11,بَصِيرًۭا,15,14,4
4:135,37,1,خَبِيرًۭا,41,37,37
4:136,28,17,بَعِيدًا,29,28,12
4:139,14,8,جَمِيعًۭا,15,14,7
4:140,33,23,جَمِيعًا,35,33,11
4:141,36,25,سَبِيلًا,38,36,12
4:143,16,10,سَبِيلًۭا,17,16,7
4:144,17,11,مُّبِينًا,18,17,7
4:146,18,13,عَظِيمًۭا,19,18,6
4:147,11,8,عَلِيمًۭا,12,11,4
4:148,14,1,عَلِيمًا,16,14,14
4:151,8,5,مُّهِينًۭا,9,8,4
4:152,17,14,رَّحِيمًۭا,18,17,4
4:153,37,10,مُّبِينًۭا,40,37,28
4:155,22,14,قَلِيلًۭا,23,22,9
4:157,34,17,يَقِينًۢا,37,34,18
4:158,8,5,حَكِيمًۭا,9,8,4
4:159,14,10,شَهِيدًۭا,15,14,5
4:161,14,10,أَلِيمًۭا,15,14,5
4:162,26,15,عَظِيمًا,28,26,12
4:163,25,1,زَبُورًۭا,28,25,25
4:164,14,11,تَكْلِيمًۭا,15,14,4
4:165,15,12,حَكِيمًۭا,16,15,4
4:166,13,7,شَهِيدًا,16,13,7
4:169,11,7,يَسِيرًۭا,12,11,5
4:170,23,12,حَكِيمًۭا,25,23,12
4:171,53,13,وَكِيلًۭا,61,53,41
4:172,18,11,جَمِيعًۭا,19,18,8
4:173,26,11,نَصِيرًۭا,27,26,16
4:176,50,7,عَلِيمٌۢ,56,50,44
5:1,23,6,يُرِيدُ,25,23,18
5:2,52,24,ٱلْعِقَابِ,58,52,29
5:3,61,29,رَّحِيمٌۭ,66,61,33
5:4,31,5,ٱلْحِسَابِ,36,31,27
5:5,43,5,ٱلْخَـٰسِرِينَ,46,43,39
5:6,61,18,تَشْكُرُونَ,64,61,44
5:7,19,13,ٱلصُّدُورِ,21,19,7
5:8,26,9,تَعْمَلُونَ,30,26,18
5:9,10,7,عَظِيمٌۭ,11,10,4
5:11,23,18,ٱلْمُؤْمِنُونَ,25,23,6
5:12,45,1,ٱلسَّبِيلِ,49,45,45
5:13,32,8,ٱلْمُحْسِنِينَ,37,32,25
5:14,25,20,يَصْنَعُونَ,26,25,6
5:15,23,17,مُّبِينٌۭ,24,23,7
5:17,42,11,قَدِيرٌۭ,46,42,32
5:18,30,8,ٱلْمَصِيرُ,35,30,23
5:19,28,20,قَدِيرٌۭ,30,28,9
5:23,21,16,مُّؤْمِنِينَ,22,21,6
5:24,16,10,قَـٰعِدُونَ,17,16,7
5:25,13,9,ٱلْفَـٰسِقِينَ,14,13,5
5:26,14,5,ٱلْفَـٰسِقِينَ,17,14,10
5:27,24,1,ٱلْمُتَّقِينَ,26,24,24
5:28,16,12,ٱلْعَـٰلَمِينَ,17,16,5
5:29,13,11,ٱلظَّـٰلِمِينَ,14,13,3
5:31,25,12,ٱلنَّـٰدِمِينَ,27,25,14
5:32,40,28,لَمُسْرِفُونَ,41,40,13
5:33,34,25,عَظِيمٌ,36,34,10
5:34,13,9,رَّحِيمٌۭ,14,13,5
5:36,24,22,أَلِيمٌۭ,25,24,3
5:37,12,10,مُّقِيمٌۭ,13,12,3
5:38,13,11,حَكِيمٌۭ,14,13,3
5:39,14,11,رَّحِيمٌ,15,14,4
5:40,19,15,قَدِيرٌۭ,20,19,5
5:41,67,1,عَظِيمٌۭ,76,67,67
5:42,26,5,ٱلْمُقْسِطِينَ,30,26,22
5:43,15,13,بِٱلْمُؤْمِنِينَ,16,15,3
5:44,41,7,ٱلْكَـٰفِرُونَ,44,41,35
5:45,31,17,ٱلظَّـٰلِمُونَ,33,31,15
5:46,26,13,لِّلْمُتَّقِينَ,27,26,14
5:47,16,8,ٱلْفَـٰسِقُونَ,17,16,9
5:48,51,13,تَخْتَلِفُونَ,57,51,39
5:49,33,19,لَفَـٰسِقُونَ,35,33,15
5:50,10,4,يُوقِنُونَ,11,10,7
5:51,22,1,ٱلظَّـٰلِمِينَ,26,22,22
5:52,28,13,نَـٰدِمِينَ,29,28,16
5:53,15,10,خَـٰسِرِينَ,17,15,6
5:54,37,29,عَلِيمٌ,39,37,9
5:57,23,19,مُّؤْمِنِينَ,24,23,5
5:58,12,8,يَعْقِلُونَ,13,12,5
5:60,27,10,ٱلسَّبِيلِ,29,27,18
5:61,16,12,يَكْتُمُونَ,17,16,5
5:62,13,10,يَعْمَلُونَ,14,13,4
5:63,13,10,يَصْنَعُونَ,14,13,4
5:64,47,6,ٱلْمُفْسِدِينَ,54,47,42
5:66,24,17,يَعْمَلُونَ,26,24,8
5:67,24,1,ٱلْكَـٰفِرِينَ,28,24,24
5:68,30,16,ٱلْكَـٰفِرِينَ,32,30,15
5:70,19,9,يَقْتُلُونَ,20,19,11
5:71,19,16,يَعْمَلُونَ,20,19,4
5:72,33,11,أَنصَارٍۢ,36,33,23
5:73,25,9,أَلِيمٌ,27,25,17
5:74,8,6,رَّحِيمٌۭ,9,8,3
5:75,25,14,يُؤْفَكُونَ,27,25,12
5:76,16,13,ٱلْعَلِيمُ,17,16,4
5:78,17,13,يَعْتَدُونَ,18,17,5
5:79,10,7,يَفْعَلُونَ,11,10,4
5:80,19,7,خَـٰلِدُونَ,20,19,13
5:82,26,1,يَسْتَكْبِرُونَ,29,26,26
5:83,21,16,ٱلشَّـٰهِدِينَ,22,21,6
5:85,14,12,ٱلْمُحْسِنِينَ,15,14,3
5:87,17,13,ٱلْمُعْتَدِينَ,18,17,5
5:88,12,7,مُؤْمِنُونَ,13,12,6
5:89,45,12,تَشْكُرُونَ,50,45,34
5:91,20,18,مُّنتَهُونَ,21,20,3
5:92,13,6,ٱلْمُبِينُ,14,13,8
5:93,24,22,ٱلْمُحْسِنِينَ,25,24,3
5:94,23,17,أَلِيمٌۭ,24,23,7
5:95,50,9,ٱنتِقَامٍ,54,50,42
5:96,20,9,تُحْشَرُونَ,22,20,12
5:97,27,1,عَلِيمٌ,29,27,27
5:99,11,6,تَكْتُمُونَ,12,11,6
5:100,15,10,تُفْلِحُونَ,16,15,6
5:101,25,23,حَلِيمٌۭ,26,25,3
5:103,21,12,يَعْقِلُونَ,23,21,10
5:104,24,17,يَهْتَدُونَ,25,24,8
5:105,19,6,تَعْمَلُونَ,21,19,14
5:106,51,28,ٱلْـَٔاثِمِينَ,53,51,24
5:108,22,15,ٱلْفَـٰسِقِينَ,24,22,8
5:109,15,1,ٱلْغُيُوبِ,18,15,15
5:110,63,21,مُّبِينٌۭ,68,63,43
5:112,21,16,مُّؤْمِنِينَ,22,21,6
5:114,22,19,ٱلرَّٰزِقِينَ,23,22,4
5:115,17,6,ٱلْعَـٰلَمِينَ,18,17,12
5:116,44,16,ٱلْغُيُوبِ,48,44,29
5:117,29,13,شَهِيدٌ,32,29,17
5:118,11,5,ٱلْحَكِيمُ,12,11,7
5:119,24,8,ٱلْعَظِيمُ,27,24,17
5:120,11,7,قَدِيرٌۢ,12,11,5
6:1,14,10,يَعْدِلُونَ,15,14,5
6:2,14,9,تَمْتَرُونَ,16,14,6
6:3,12,7,تَكْسِبُونَ,13,12,6
6:5,12,6,يَسْتَهْزِءُونَ,13,12,7
6:8,13,6,يُنظَرُونَ,14,13,8
6:12,25,7,يُؤْمِنُونَ,29,25,19
6:13,9,1,ٱلْعَلِيمُ,11,9,9
6:14,24,13,ٱلْمُشْرِكِينَ,26,24,12
6:16,9,7,ٱلْمُبِينُ,10,9,3
6:17,17,10,قَدِيرٌۭ,18,17,8
6:18,7,5,ٱلْخَبِيرُ,8,7,3
6:19,37,6,تُشْرِكُونَ,43,37,32
6:20,13,8,يُؤْمِنُونَ,14,13,6
6:21,14,11,ٱلظَّـٰلِمُونَ,15,14,4
6:24,10,6,يَفْتَرُونَ,11,10,5
6:25,32,5,ٱلْأَوَّلِينَ,35,32,28
6:26,11,6,يَشْعُرُونَ,12,11,6
6:28,16,9,لَكَـٰذِبُونَ,17,16,8
6:30,19,7,تَكْفُرُونَ,22,19,13
6:31,26,7,يَزِرُونَ,28,26,20
6:32,13,7,تَعْقِلُونَ,15,13,7
6:33,14,7,يَجْحَدُونَ,15,14,8
6:34,22,14,ٱلْمُرْسَلِينَ,24,22,9
6:35,28,19,ٱلْجَـٰهِلِينَ,30,28,10
6:36,10,1,يُرْجَعُونَ,12,10,10
6:37,19,8,يَعْلَمُونَ,20,19,12
6:38,22,13,يُحْشَرُونَ,24,22,10
6:39,17,8,مُّسْتَقِيمٍۢ,18,17,10
6:45,9,6,ٱلْعَـٰلَمِينَ,10,9,4
6:46,23,17,يَصْدِفُونَ,24,23,7
6:48,15,7,يَحْزَنُونَ,16,15,9
6:50,28,16,تَتَفَكَّرُونَ,31,28,13
6:51,17,9,يَتَّقُونَ,18,17,9
6:52,25,10,ٱلظَّـٰلِمِينَ,26,25,16
6:53,15,12,بِٱلشَّـٰكِرِينَ,16,15,4
6:54,27,9,رَّحِيمٌۭ,29,27,19
6:56,21,11,ٱلْمُهْتَدِينَ,23,21,11
6:57,22,9,ٱلْفَـٰصِلِينَ,26,22,14
6:58,14,12,بِٱلظَّـٰلِمِينَ,15,14,3
6:59,31,1,مُّبِينٍۢ,34,31,31
6:60,22,15,تَعْمَلُونَ,23,22,8
6:61,17,5,يُفَرِّطُونَ,18,17,13
6:62,12,7,ٱلْحَـٰسِبِينَ,13,12,6
6:65,27,22,يَفْقَهُونَ,28,27,6
6:66,9,6,بِوَكِيلٍۢ,10,9,4
6:67,5,4,تَعْلَمُونَ,6,5,2
6:68,23,14,ٱلظَّـٰلِمِينَ,24,23,10
6:70,45,10,يَكْفُرُونَ,48,45,36
6:71,39,30,ٱلْعَـٰلَمِينَ,41,39,10
6:72,8,5,تُحْشَرُونَ,9,8,4
6:73,24,7,ٱلْخَبِيرُ,29,24,18
6:74,14,1,مُّبِينٍۢ,16,14,14
6:76,15,7,ٱلْـَٔافِلِينَ,17,15,9
6:77,18,8,ٱلضَّآلِّينَ,19,18,11
6:78,17,10,تُشْرِكُونَ,18,17,8
6:79,12,9,ٱلْمُشْرِكِينَ,13,12,4
6:80,25,3,تَتَذَكَّرُونَ,29,25,23
6:81,22,16,تَعْلَمُونَ,24,22,7
6:83,14,7,عَلِيمٌۭ,16,14,8
6:84,21,5,ٱلْمُحْسِنِينَ,25,21,17
6:85,7,5,ٱلصَّـٰلِحِينَ,8,7,3
6:86,8,5,ٱلْعَـٰلَمِينَ,9,8,4
6:87,9,5,مُّسْتَقِيمٍۢ,10,9,5
6:88,16,10,يَعْمَلُونَ,17,16,7
6:89,17,7,بِكَـٰفِرِينَ,18,17,11
6:90,16,5,لِلْعَـٰلَمِينَ,19,16,12
6:91,44,15,يَلْعَبُونَ,49,44,30
6:92,22,14,يُحَافِظُونَ,24,22,9
6:93,49,23,تَسْتَكْبِرُونَ,51,49,27
6:94,29,13,تَزْعُمُونَ,31,29,17
6:95,17,1,تُؤْفَكُونَ,21,17,17
6:96,12,9,ٱلْعَلِيمِ,13,12,4
6:97,16,12,يَعْلَمُونَ,17,16,5
6:98,13,9,يَفْقَهُونَ,14,13,5
6:99,44,33,يُؤْمِنُونَ,46,44,12
6:100,15,6,يَصِفُونَ,17,15,10
6:101,18,4,عَلِيمٌۭ,21,18,15
6:102,16,4,وَكِيلٌۭ,19,16,13
6:103,9,7,ٱلْخَبِيرُ,10,9,3
6:104,15,6,بِحَفِيظٍۢ,18,15,10
6:106,13,7,ٱلْمُشْرِكِينَ,15,13,7
6:107,13,6,بِوَكِيلٍۢ,15,13,8
6:108,25,13,يَعْمَلُونَ,26,25,13
6:109,21,10,يُؤْمِنُونَ,23,21,12
6:111,22,1,يَجْهَلُونَ,23,22,22
6:112,23,16,يَفْتَرُونَ,25,23,8
6:114,23,11,ٱلْمُمْتَرِينَ,25,23,13
6:115,11,6,ٱلْعَلِيمُ,13,11,6
6:116,18,11,يَخْرُصُونَ,19,18,8
6:117,11,9,بِٱلْمُهْتَدِينَ,12,11,3
6:119,30,20,بِٱلْمُعْتَدِينَ,32,30,11
6:120,12,5,يَقْتَرِفُونَ,13,12,8
6:121,20,11,لَمُشْرِكُونَ,22,20,10
6:122,24,19,يَعْمَلُونَ,25,24,6
6:123,15,10,يَشْعُرُونَ,16,15,6
6:124,29,14,يَمْكُرُونَ,31,29,16
6:125,28,9,يُؤْمِنُونَ,30,28,20
6:126,9,5,يَذَّكَّرُونَ,10,9,5
6:127,10,1,يَعْمَلُونَ,12,10,10
6:128,35,10,عَلِيمٌۭ,38,35,26
6:130,27,15,كَـٰفِرِينَ,29,27,13
6:132,9,5,يَعْمَلُونَ,10,9,5
6:133,18,5,ءَاخَرِينَ,19,18,14
6:134,7,5,بِمُعْجِزِينَ,8,7,3
6:135,18,8,ٱلظَّـٰلِمُونَ,20,18,11
6:136,31,15,يَحْكُمُونَ,34,31,17
6:137,20,13,يَفْتَرُونَ,22,20,8
6:138,26,23,يَفْتَرُونَ,27,26,4
6:139,22,12,عَلِيمٌۭ,25,22,11
6:140,20,16,مُهْتَدِينَ,21,20,5
6:141,31,1,ٱلْمُسْرِفِينَ,35,31,31
6:142,16,5,مُّبِينٌۭ,18,16,12
6:143,23,3,صَـٰدِقِينَ,26,23,21
6:144,40,7,ٱلظَّـٰلِمِينَ,44,40,34
6:145,39,30,رَّحِيمٌۭ,40,39,10
6:146,28,8,لَصَـٰدِقُونَ,31,28,21
6:148,37,15,تَخْرُصُونَ,40,37,23
6:149,8,5,أَجْمَعِينَ,9,8,4
6:150,27,10,يَعْدِلُونَ,29,27,18
6:151,42,1,تَعْقِلُونَ,50,42,42
6:152,35,12,تَذَكَّرُونَ,40,35,24
6:153,17,6,تَتَّقُونَ,19,17,12
6:157,35,11,يَصْدِفُونَ,38,35,25
6:158,37,15,مُنتَظِرُونَ,39,37,23
6:159,19,11,يَفْعَلُونَ,20,19,9
6:160,16,7,يُظْلَمُونَ,17,16,10
6:161,16,13,ٱلْمُشْرِكِينَ,17,16,4
6:163,8,4,ٱلْمُسْلِمِينَ,9,8,5
6:164,29,10,تَخْتَلِفُونَ,32,29,20
6:165,21,15,رَّحِيمٌۢ,22,21,7
7:3,14,12,تَذَكَّرُونَ,15,14,3
7:7,6,4,غَآئِبِينَ,7,6,3
7:8,9,4,ٱلْمُفْلِحُونَ,10,9,6
7:10,11,9,تَشْكُرُونَ,12,11,3
7:12,17,8,طِينٍۢ,18,17,10
7:17,15,12,شَـٰكِرِينَ,16,15,4
7:18,12,6,أَجْمَعِينَ,13,12,7
7:22,28,3,مُّبِينٌۭ,30,28,26
7:24,12,6,حِينٍۢ,13,12,7
7:26,19,10,يَذَّكَّرُونَ,21,19,10
7:27,30,16,يُؤْمِنُونَ,32,30,15
7:28,22,11,تَعْلَمُونَ,24,22,12
7:29,16,5,تَعُودُونَ,18,16,12
7:30,16,7,مُّهْتَدُونَ,17,16,10
7:31,15,1,ٱلْمُسْرِفِينَ,17,15,15
7:32,26,12,يَعْلَمُونَ,28,26,15
7:34,11,4,يَسْتَقْدِمُونَ,13,11,8
7:35,18,10,يَحْزَنُونَ,19,18,9
7:36,11,9,خَـٰلِدُونَ,12,11,3
7:37,37,11,كَـٰفِرِينَ,40,37,27
7:38,40,14,تَعْلَمُونَ,43,40,27
7:40,23,21,ٱلْمُجْرِمِينَ,24,23,3
7:41,10,8,ٱلظَّـٰلِمِينَ,11,10,3
7:42,15,13,خَـٰلِدُونَ,16,15,3
7:43,36,11,تَعْمَلُونَ,39,36,26
7:44,28,19,ٱلظَّـٰلِمِينَ,30,28,10
7:46,18,3,يَطْمَعُونَ,21,18,16
7:47,13,1,ٱلظَّـٰلِمِينَ,14,13,13
7:49,15,8,تَحْزَنُونَ,16,15,8
7:50,20,15,ٱلْكَـٰفِرِينَ,21,20,6
7:51,19,9,يَجْحَدُونَ,20,19,11
7:53,38,5,يَفْتَرُونَ,40,38,34
7:54,32,25,ٱلْعَـٰلَمِينَ,34,32,8
7:55,8,5,ٱلْمُعْتَدِينَ,9,8,4
7:56,15,10,ٱلْمُحْسِنِينَ,16,15,6
7:57,29,9,تَذَكَّرُونَ,31,29,21
7:58,17,7,يَشْكُرُونَ,19,17,11
7:64,14,11,عَمِينَ,15,14,4
7:65,15,1,تَتَّقُونَ,18,15,15
7:69,27,11,تُفْلِحُونَ,29,27,17
7:70,17,11,ٱلصَّـٰدِقِينَ,18,17,7
7:71,25,9,ٱلْمُنتَظِرِينَ,27,25,17
7:72,13,11,مُؤْمِنِينَ,14,13,3
7:73,34,5,أَلِيمٌۭ,39,34,30
7:74,25,18,مُفْسِدِينَ,26,25,8
7:75,23,18,مُؤْمِنُونَ,24,23,6
7:81,11,8,مُّسْرِفُونَ,12,11,4
7:82,13,11,يَتَطَهَّرُونَ,14,13,3
7:84,8,4,ٱلْمُجْرِمِينَ,9,8,5
7:85,37,5,مُّؤْمِنِينَ,41,37,33
7:86,24,15,ٱلْمُفْسِدِينَ,26,24,10
7:87,19,17,ٱلْحَـٰكِمِينَ,20,19,3
7:88,21,1,كَـٰرِهِينَ,23,21,21
7:89,42,15,ٱلْفَـٰتِحِينَ,46,42,28
7:92,13,8,ٱلْخَـٰسِرِينَ,14,13,6
7:93,15,11,كَـٰفِرِينَ,16,15,5
7:99,10,4,ٱلْخَـٰسِرُونَ,11,10,7
7:100,19,14,يَسْمَعُونَ,20,19,6
7:101,23,7,ٱلْكَـٰفِرِينَ,25,23,17
7:102,9,6,لَفَـٰسِقِينَ,10,9,4
7:103,16,12,ٱلْمُفْسِدِينَ,17,16,5
7:105,18,10,إِسْرَٰٓءِيلَ,19,18,9
7:110,7,6,تَأْمُرُونَ,8,7,2
7:116,11,3,عَظِيمٍۢ,12,11,9
7:117,11,1,يَأْفِكُونَ,13,11,11
7:123,19,9,تَعْلَمُونَ,21,19,11
7:126,16,11,مُسْلِمِينَ,17,16,6
7:127,21,14,قَـٰهِرُونَ,22,21,8
7:128,16,7,لِلْمُتَّقِينَ,18,16,10
7:129,22,11,تَعْمَلُونَ,23,22,12
7:131,22,7,يَعْلَمُونَ,24,22,16
7:134,22,13,إِسْرَٰٓءِيلَ,23,22,10
7:137,29,12,يَعْرِشُونَ,31,29,18
7:138,23,12,تَجْهَلُونَ,25,23,12
7:141,18,9,عَظِيمٌۭ,20,18,10
7:142,23,1,ٱلْمُفْسِدِينَ,25,23,23
7:143,41,12,ٱلْمُؤْمِنِينَ,44,41,30
7:145,20,18,ٱلْفَـٰسِقِينَ,21,20,3
7:146,36,30,غَـٰفِلِينَ,37,36,7
7:147,13,8,يَعْمَلُونَ,14,13,6
7:148,22,12,ظَـٰلِمِينَ,24,22,11
7:150,39,13,ٱلظَّـٰلِمِينَ,42,39,27
7:151,11,9,ٱلرَّٰحِمِينَ,12,11,3
7:152,15,13,ٱلْمُفْتَرِينَ,16,15,3
7:154,15,8,يَرْهَبُونَ,16,15,8
7:155,41,7,ٱلْغَـٰفِرِينَ,46,41,35
7:156,30,1,يُؤْمِنُونَ,34,30,30
7:157,43,31,ٱلْمُفْلِحُونَ,45,43,13
7:158,31,14,تَهْتَدُونَ,33,31,18
7:160,43,6,يَظْلِمُونَ,49,43,38
7:161,20,19,ٱلْمُحْسِنِينَ,21,20,2
7:163,27,21,يَفْسُقُونَ,29,27,7
7:164,19,8,يَتَّقُونَ,21,19,12
7:167,19,13,رَّحِيمٌۭ,21,19,7
7:168,14,5,يَرْجِعُونَ,16,14,10
7:169,40,19,تَعْقِلُونَ,43,40,22
7:171,19,1,تَتَّقُونَ,20,19,19
7:172,26,15,غَـٰفِلِينَ,29,26,12
7:173,15,12,ٱلْمُبْطِلُونَ,16,15,4
7:176,30,11,يَتَفَكَّرُونَ,33,30,20
7:178,10,6,ٱلْخَـٰسِرُونَ,11,10,5
7:179,30,8,ٱلْغَـٰفِلُونَ,33,30,23
7:180,14,6,يَعْمَلُونَ,16,14,9
7:183,5,3,مَتِينٌ,6,5,3
7:184,11,3,مُّبِينٌ,13,11,9
7:185,22,19,يُؤْمِنُونَ,23,22,4
7:186,10,7,يَعْمَهُونَ,11,10,4
7:187,37,6,يَعْلَمُونَ,43,37,32
7:188,28,12,يُؤْمِنُونَ,30,28,17
7:189,29,1,ٱلشَّـٰكِرِينَ,32,29,29
7:190,12,9,يُشْرِكُونَ,13,12,4
7:193,12,7,صَـٰمِتُونَ,13,12,6
7:194,14,9,صَـٰدِقِينَ,15,14,6
7:195,26,5,تُنظِرُونِ,30,26,22
7:196,9,7,ٱلصَّـٰلِحِينَ,10,9,3
7:198,12,7,يُبْصِرُونَ,13,12,6
7:200,10,8,عَلِيمٌ,11,10,3
7:203,23,8,يُؤْمِنُونَ,25,23,16
8:1,18,4,مُّؤْمِنِينَ,21,18,15
8:4,11,5,كَرِيمٌۭ,12,11,7
8:10,18,9,حَكِيمٌ,20,18,10
8:12,23,11,بَنَانٍۢ,24,23,13
8:13,13,6,ٱلْعِقَابِ,14,13,8
8:16,20,19,ٱلْمَصِيرُ,21,20,2
8:17,21,6,عَلِيمٌۭ,24,21,16
8:19,24,6,ٱلْمُؤْمِنِينَ,26,24,19
8:22,10,1,يَعْقِلُونَ,11,10,10
8:23,11,7,مُّعْرِضُونَ,12,11,5
8:24,20,11,تُحْشَرُونَ,21,20,10
8:25,13,9,ٱلْعِقَابِ,14,13,5
8:29,18,15,ٱلْعَظِيمِ,19,18,4
8:30,16,11,ٱلْمَـٰكِرِينَ,18,16,6
8:31,17,13,ٱلْأَوَّلِينَ,18,17,5
8:33,12,7,يَسْتَغْفِرُونَ,13,12,6
8:34,21,14,يَعْلَمُونَ,22,21,8
8:35,13,9,تَكْفُرُونَ,14,13,5
8:36,21,10,يُحْشَرُونَ,23,21,12
8:37,18,16,ٱلْخَـٰسِرُونَ,19,18,3
8:39,16,10,بَصِيرٌۭ,17,16,7
8:40,10,7,ٱلنَّصِيرُ,11,10,4
8:41,33,1,قَدِيرٌ,35,33,33
8:42,35,11,عَلِيمٌ,38,35,25
8:43,20,7,ٱلصُّدُورِ,22,20,14
8:44,19,16,ٱلْأُمُورُ,20,19,4
8:46,13,9,ٱلصَّـٰبِرِينَ,15,13,5
8:47,17,14,مُحِيطٌۭ,18,17,4
8:48,36,16,ٱلْعِقَابِ,38,36,21
8:49,18,11,حَكِيمٌۭ,19,18,8
8:50,13,7,ٱلْحَرِيقِ,14,13,7
8:52,17,4,ٱلْعِقَابِ,20,17,14
8:53,18,15,عَلِيمٌۭ,19,18,4
8:54,17,4,ظَـٰلِمِينَ,20,17,14
8:58,14,10,ٱلْخَآئِنِينَ,15,14,5
8:59,8,6,يُعْجِزُونَ,9,8,3
8:60,33,22,تُظْلَمُونَ,34,33,12
8:61,12,1,ٱلْعَلِيمُ,14,12,12
8:62,12,8,وَبِٱلْمُؤْمِنِينَ,13,12,5
8:63,20,4,حَكِيمٌۭ,22,20,17
8:65,26,7,يَفْقَهُونَ,28,26,20
8:66,26,9,ٱلصَّـٰبِرِينَ,29,26,18
8:67,20,12,حَكِيمٌۭ,22,20,9
8:69,11,6,رَّحِيمٌۭ,13,11,6
8:70,24,22,رَّحِيمٌۭ,25,24,3
8:71,13,11,حَكِيمٌ,14,13,3
8:72,45,18,بَصِيرٌۭ,48,45,28
8:73,13,6,كَبِيرٌۭ,14,13,8
8:74,18,15,كَرِيمٌۭ,19,18,4
8:75,22,10,عَلِيمٌۢ,24,22,13
9:2,14,11,ٱلْكَـٰفِرِينَ,15,14,4
9:3,32,15,أَلِيمٍ,36,32,18
9:4,22,19,ٱلْمُتَّقِينَ,23,22,4
9:5,26,15,رَّحِيمٌۭ,28,26,12
9:6,18,14,يَعْلَمُونَ,19,18,5
9:7,23,15,ٱلْمُتَّقِينَ,25,23,9
9:8,16,11,فَـٰسِقُونَ,17,16,6
9:9,13,9,يَعْمَلُونَ,14,13,5
9:10,10,8,ٱلْمُعْتَدُونَ,11,10,3
9:11,13,10,يَعْلَمُونَ,14,13,4
9:12,18,13,يَنتَهُونَ,19,18,6
9:13,20,13,مُّؤْمِنِينَ,22,20,8
9:15,11,4,حَكِيمٌ,13,11,8
9:16,24,21,تَعْمَلُونَ,25,24,4
9:17,18,12,خَـٰلِدُونَ,19,18,7
9:18,23,18,ٱلْمُهْتَدِينَ,24,23,6
9:19,24,1,ٱلظَّـٰلِمِينَ,27,24,24
9:20,16,14,ٱلْفَآئِزُونَ,17,16,3
9:22,8,4,عَظِيمٌۭ,9,8,5
9:23,19,14,ٱلظَّـٰلِمُونَ,20,19,6
9:24,33,29,ٱلْفَـٰسِقِينَ,34,33,5
9:25,23,7,مُّدْبِرِينَ,25,23,17
9:26,18,16,ٱلْكَـٰفِرِينَ,19,18,3
9:27,12,10,رَّحِيمٌۭ,13,12,3
9:28,27,14,حَكِيمٌۭ,29,27,14
9:30,23,11,يُؤْفَكُونَ,27,23,13
9:31,23,17,يُشْرِكُونَ,25,23,7
9:34,28,1,أَلِيمٍۢ,30,28,28
9:35,19,12,تَكْنِزُونَ,20,19,8
9:36,36,19,ٱلْمُتَّقِينَ,40,36,18
9:37,31,6,ٱلْكَـٰفِرِينَ,34,31,26
9:38,28,16,قَلِيلٌ,30,28,13
9:39,16,12,قَدِيرٌ,17,16,5
9:40,43,24,حَكِيمٌ,46,43,20
9:41,15,10,تَعْلَمُونَ,16,15,6
9:42,23,12,لَكَـٰذِبُونَ,24,23,12
9:44,14,12,بِٱلْمُتَّقِينَ,15,14,3
9:46,15,1,ٱلْقَـٰعِدِينَ,16,15,15
9:47,17,15,بِٱلظَّـٰلِمِينَ,18,17,3
9:49,15,8,بِٱلْكَـٰفِرِينَ,17,15,8
9:50,16,5,فَرِحُونَ,17,16,12
9:51,14,11,ٱلْمُؤْمِنُونَ,15,14,4
9:52,22,8,مُّتَرَبِّصُونَ,24,22,15
9:53,12,9,فَـٰسِقِينَ,13,12,4
9:55,17,6,كَـٰفِرُونَ,18,17,12
9:60,22,1,حَكِيمٌۭ,25,22,22
9:61,26,8,أَلِيمٌۭ,28,26,19
9:63,16,14,ٱلْعَظِيمُ,17,16,3
9:64,17,11,تَحْذَرُونَ,18,17,7
9:65,13,8,تَسْتَهْزِءُونَ,14,13,6
9:66,16,7,مُجْرِمِينَ,17,16,10
9:67,19,6,ٱلْفَـٰسِقُونَ,22,19,14
9:68,16,10,مُّقِيمٌۭ,19,16,7
9:69,32,24,ٱلْخَـٰسِرُونَ,34,32,9
9:70,26,16,يَظْلِمُونَ,28,26,11
9:71,24,6,حَكِيمٌۭ,27,24,19
9:72,24,17,ٱلْعَظِيمُ,26,24,8
9:73,11,8,ٱلْمَصِيرُ,13,11,4
9:74,46,16,نَصِيرٍۢ,50,46,31
9:75,12,1,ٱلصَّـٰلِحِينَ,13,12,12
9:79,20,15,أَلِيمٌ,21,20,6
9:80,25,16,ٱلْفَـٰسِقِينَ,27,25,10
9:81,27,20,يَفْقَهُونَ,29,27,8
9:83,25,18,ٱلْخَـٰلِفِينَ,26,25,8
9:84,18,12,فَـٰسِقُونَ,19,18,7
9:85,16,5,كَـٰفِرُونَ,17,16,12
9:88,14,9,ٱلْمُفْلِحُونَ,16,14,6
9:89,13,11,ٱلْعَظِيمُ,14,13,3
9:90,17,12,أَلِيمٌۭ,18,17,6
9:91,26,19,رَّحِيمٌۭ,28,26,8
9:93,19,1,يَعْلَمُونَ,21,19,19
9:94,30,6,تَعْمَلُونَ,32,30,25
9:95,18,9,يَكْسِبُونَ,21,18,10
9:96,14,5,ٱلْفَـٰسِقِينَ,15,14,10
9:97,16,14,حَكِيمٌۭ,17,16,3
9:98,16,11,عَلِيمٌۭ,18,16,6
9:99,27,16,رَّحِيمٌۭ,30,27,12
9:100,25,23,ٱلْعَظِيمُ,26,25,3
9:101,22,6,عَظِيمٍۢ,26,22,17
9:102,17,14,رَّحِيمٌ,18,17,4
9:103,16,10,عَلِيمٌ,18,16,7
9:105,16,8,تَعْمَلُونَ,17,16,9
9:106,12,10,حَكِيمٌۭ,13,12,3
9:107,24,16,لَكَـٰذِبُونَ,26,24,9
9:108,23,5,ٱلْمُطَّهِّرِينَ,26,23,19
9:109,27,23,ٱلظَّـٰلِمِينَ,28,27,5
9:110,15,13,حَكِيمٌ,16,15,3
9:111,37,1,ٱلْعَظِيمُ,43,37,37
9:112,16,15,ٱلْمُؤْمِنِينَ,17,16,2
9:114,22,19,حَلِيمٌۭ,23,22,4
9:115,18,14,عَلِيمٌ,19,18,5
9:116,17,7,نَصِيرٍۢ,19,17,11
9:117,27,24,رَّحِيمٌۭ,28,27,4
9:118,31,27,ٱلرَّحِيمُ,32,31,5
9:120,52,19,ٱلْمُحْسِنِينَ,54,52,34
9:122,22,1,يَحْذَرُونَ,24,22,22
9:123,16,12,ٱلْمُتَّقِينَ,17,16,5
9:124,18,12,يَسْتَبْشِرُونَ,19,18,7
9:127,21,15,يَفْقَهُونَ,22,21,7
9:129,15,10,ٱلْعَظِيمِ,17,15,6
10:1,5,2,ٱلْحَكِيمِ,6,5,4
10:2,26,21,مُّبِينٌ,27,26,6
10:3,29,15,تَذَكَّرُونَ,33,29,15
10:4,28,4,يَكْفُرُونَ,31,28,25
10:5,23,14,يَعْلَمُونَ,25,23,10
10:9,15,9,ٱلنَّعِيمِ,16,15,7
10:10,14,8,ٱلْعَـٰلَمِينَ,15,14,7
10:11,18,1,يَعْمَهُونَ,20,18,18
10:12,27,22,يَعْمَلُونَ,28,27,6
10:13,17,8,ٱلْمُجْرِمِينَ,19,17,10
10:15,39,6,عَظِيمٍۢ,43,39,34
10:16,18,11,تَعْقِلُونَ,20,18,8
10:17,14,11,ٱلْمُجْرِمُونَ,15,14,4
10:18,29,15,يُشْرِكُونَ,31,29,15
10:19,17,8,يَخْتَلِفُونَ,18,17,10
10:20,16,8,ٱلْمُنتَظِرِينَ,17,16,9
10:21,22,14,تَمْكُرُونَ,24,22,9
10:22,41,7,ٱلشَّـٰكِرِينَ,43,41,35
10:23,25,10,تَعْمَلُونَ,28,25,16
10:24,43,39,يَتَفَكَّرُونَ,44,43,5
10:26,16,1,خَـٰلِدُونَ,20,16,16
10:27,27,9,خَـٰلِدُونَ,31,27,19
10:28,18,11,تَعْبُدُونَ,20,18,8
10:30,16,7,يَفْتَرُونَ,18,16,10
10:31,27,23,تَتَّقُونَ,29,27,5
10:32,11,5,تُصْرَفُونَ,13,11,7
10:34,17,10,تُؤْفَكُونَ,19,17,8
10:35,29,9,تَحْكُمُونَ,32,29,21
10:36,17,6,يَفْعَلُونَ,19,17,12
10:38,16,4,صَـٰدِقِينَ,17,16,13
10:39,19,10,ٱلظَّـٰلِمِينَ,21,19,10
10:40,12,10,بِٱلْمُفْسِدِينَ,13,12,3
10:41,15,8,تَعْمَلُونَ,16,15,8
10:42,11,5,يَعْقِلُونَ,12,11,7
10:43,11,5,يُبْصِرُونَ,12,11,7
10:45,20,12,مُهْتَدِينَ,21,20,9
10:47,12,4,يُظْلَمُونَ,13,12,9
10:49,22,12,يَسْتَقْدِمُونَ,25,22,11
10:51,11,7,تَسْتَعْجِلُونَ,12,11,5
10:53,11,1,بِمُعْجِزِينَ,14,11,11
10:54,21,11,يُظْلَمُونَ,24,21,11
10:55,16,8,يَعْلَمُونَ,17,16,9
10:59,20,17,تَفْتَرُونَ,21,20,4
10:60,19,10,يَشْكُرُونَ,20,19,10
10:61,42,21,مُّبِينٍ,43,42,22
10:64,15,8,ٱلْعَظِيمُ,17,15,8
10:65,10,4,ٱلْعَلِيمُ,12,10,7
10:66,25,10,يَخْرُصُونَ,27,25,16
10:67,15,10,يَسْمَعُونَ,16,15,6
10:68,25,5,تَعْلَمُونَ,30,25,21
10:71,33,1,تُنظِرُونِ,34,33,33
10:72,16,7,ٱلْمُسْلِمِينَ,18,16,10
10:73,17,13,ٱلْمُنذَرِينَ,18,17,5
10:74,22,18,ٱلْمُعْتَدِينَ,23,22,5
10:77,11,7,ٱلسَّـٰحِرُونَ,12,11,5
10:81,17,9,ٱلْمُفْسِدِينَ,19,17,9
10:83,22,15,ٱلْمُسْرِفِينَ,23,22,8
10:87,16,15,ٱلْمُؤْمِنِينَ,17,16,2
10:88,29,17,ٱلْأَلِيمَ,30,29,13
10:90,27,1,ٱلْمُسْلِمِينَ,29,27,27
10:92,14,8,لَغَـٰفِلُونَ,15,14,7
10:93,24,15,يَخْتَلِفُونَ,25,24,10
10:94,22,14,ٱلْمُمْتَرِينَ,23,22,9
10:99,15,10,مُؤْمِنِينَ,16,15,6
10:100,14,9,يَعْقِلُونَ,15,14,6
10:101,14,7,يُؤْمِنُونَ,15,14,8
10:102,15,10,ٱلْمُنتَظِرِينَ,16,15,6
10:103,10,6,ٱلْمُؤْمِنِينَ,11,10,5
10:104,26,22,ٱلْمُؤْمِنِينَ,27,26,5
10:106,16,11,ٱلظَّـٰلِمِينَ,17,16,6
10:107,24,10,ٱلرَّحِيمُ,27,24,15
10:108,22,9,بِوَكِيلٍۢ,25,22,14
10:109,11,9,ٱلْحَـٰكِمِينَ,12,11,3
11:1,10,2,خَبِيرٍ,11,10,9
11:2,9,5,وَبَشِيرٌۭ,10,9,5
11:3,25,18,كَبِيرٍ,26,25,8
11:4,8,4,قَدِيرٌ,9,8,5
11:5,19,7,ٱلصُّدُورِ,21,19,13
11:6,16,1,مُّبِينٍۢ,18,16,16
11:7,31,17,مُّبِينٌۭ,32,31,15
11:8,22,11,يَسْتَهْزِءُونَ,23,22,12
11:10,13,11,فَخُورٌ,14,13,3
11:12,27,20,وَكِيلٌ,29,27,8
11:13,18,4,صَـٰدِقِينَ,19,18,15
11:14,16,14,مُّسْلِمُونَ,17,16,3
11:16,16,9,يَعْمَلُونَ,17,16,8
11:17,39,16,يُؤْمِنُونَ,43,39,24
11:18,23,8,ٱلظَّـٰلِمِينَ,25,23,16
11:20,24,15,يُبْصِرُونَ,26,24,10
11:23,14,12,خَـٰلِدُونَ,15,14,3
11:24,11,1,تَذَكَّرُونَ,14,11,11
11:26,11,6,أَلِيمٍۢ,12,11,6
11:29,22,6,تَجْهَلُونَ,25,22,17
11:30,9,8,تَذَكَّرُونَ,10,9,2
11:31,31,23,ٱلظَّـٰلِمِينَ,33,31,9
11:34,18,15,تُرْجَعُونَ,19,18,4
11:35,12,4,تُجْرِمُونَ,13,12,9
11:37,11,10,مُّغْرَقُونَ,12,11,2
11:38,19,11,تَسْخَرُونَ,20,19,9
11:40,26,22,قَلِيلٌۭ,27,26,5
11:41,11,1,رَّحِيمٌۭ,13,11,11
11:43,23,8,ٱلْمُغْرَقِينَ,25,23,16
11:44,17,14,ٱلظَّـٰلِمِينَ,18,17,4
11:46,23,7,ٱلْجَـٰهِلِينَ,26,23,17
11:47,19,13,ٱلْخَـٰسِرِينَ,20,19,7
11:48,18,12,أَلِيمٌۭ,19,18,7
11:49,19,7,لِلْمُتَّقِينَ,22,19,13
11:50,17,5,مُفْتَرُونَ,19,17,13
11:51,13,6,تَعْقِلُونَ,15,13,8
11:54,16,8,تُشْرِكُونَ,17,16,9
11:55,7,3,تُنظِرُونِ,8,7,5
11:56,18,7,مُّسْتَقِيمٍۢ,20,18,12
11:57,21,9,حَفِيظٌۭ,23,21,13
11:59,12,3,عَنِيدٍۢ,13,12,10
11:60,17,8,هُودٍۢ,19,17,10
11:61,27,1,مُّجِيبٌۭ,31,27,27
11:62,21,9,مُرِيبٍۢ,22,21,13
11:63,22,19,تَخْسِيرٍۢ,23,22,4
11:65,11,8,مَكْذُوبٍۢ,12,11,4
11:66,18,14,ٱلْعَزِيزُ,19,18,5
11:68,12,5,لِّثَمُودَ,14,12,8
11:69,15,8,حَنِيذٍۢ,17,15,8
11:70,18,11,لُوطٍۢ,19,18,8
11:72,12,9,عَجِيبٌۭ,13,12,4
11:73,14,6,مَّجِيدٌۭ,16,14,9
11:76,14,5,مَرْدُودٍۢ,16,14,10
11:78,26,10,رَّشِيدٌۭ,29,26,17
11:81,29,9,بِقَرِيبٍۢ,33,29,21
11:83,8,4,بِبَعِيدٍۢ,9,8,5
11:84,26,1,مُّحِيطٍۢ,30,26,26
11:85,14,6,مُفْسِدِينَ,15,14,9
11:86,11,8,بِحَفِيظٍۢ,12,11,4
11:87,20,17,ٱلرَّشِيدُ,21,20,4
11:88,35,14,أُنِيبُ,39,35,22
11:89,22,18,بِبَعِيدٍۢ,23,22,5
11:90,9,6,وَدُودٌۭ,10,9,4
11:91,18,12,بِعَزِيزٍۢ,20,18,7
11:92,15,11,مُحِيطٌۭ,16,15,5
11:93,19,7,رَقِيبٌۭ,21,19,13
11:95,10,5,ثَمُودُ,11,10,6
11:97,10,7,بِرَشِيدٍۢ,11,10,4
11:98,9,7,ٱلْمَوْرُودُ,10,9,3
11:99,9,7,ٱلْمَرْفُودُ,10,9,3
11:100,9,7,وَحَصِيدٌۭ,10,9,3
11:101,24,6,تَتْبِيبٍۢ,26,24,19
11:102,12,9,شَدِيدٌ,13,12,4
11:103,16,9,مَّشْهُودٌۭ,17,16,8
11:105,10,8,وَسَعِيدٌۭ,11,10,3
11:107,15,11,يُرِيدُ,16,15,5
11:108,18,1,مَجْذُوذٍۢ,20,18,18
11:109,20,8,مَنقُوصٍۢ,22,20,13
11:110,18,7,مُرِيبٍۢ,20,18,12
11:111,10,7,خَبِيرٌۭ,11,10,4
11:112,12,9,بَصِيرٌۭ,13,12,4
11:114,14,8,لِلذَّٰكِرِينَ,16,14,7
11:116,26,19,مُجْرِمِينَ,27,26,8
11:118,10,8,مُخْتَلِفِينَ,11,10,3
11:119,15,5,أَجْمَعِينَ,17,15,11
11:120,17,11,لِلْمُؤْمِنِينَ,18,17,7
11:123,16,12,تَعْمَلُونَ,17,16,5
12:1,5,2,ٱلْمُبِينِ,6,5,4
12:5,15,11,مُّبِينٌۭ,16,15,5
12:6,25,22,حَكِيمٌۭ,26,25,4
12:7,7,1,لِّلسَّآئِلِينَ,8,7,7
12:15,17,10,يَشْعُرُونَ,18,17,8
12:17,18,12,صَـٰدِقِينَ,19,18,7
12:18,18,6,تَصِفُونَ,21,18,13
12:19,16,7,يَعْمَلُونَ,19,16,10
12:21,32,15,يَعْلَمُونَ,34,32,18
12:22,9,7,ٱلْمُحْسِنِينَ,10,9,3
12:23,23,13,ٱلظَّـٰلِمُونَ,26,23,11
12:24,19,4,ٱلْمُخْلَصِينَ,22,19,16
12:25,23,11,أَلِيمٌۭ,24,23,13
12:26,19,6,ٱلْكَـٰذِبِينَ,20,19,14
12:28,13,11,عَظِيمٌۭ,14,13,3
12:29,10,5,ٱلْخَاطِـِٔينَ,12,10,6
12:30,18,1,مُّبِينٍۢ,21,18,18
12:31,32,17,كَرِيمٌۭ,33,32,16
12:32,19,6,ٱلصَّـٰغِرِينَ,21,19,14
12:33,17,9,ٱلْجَـٰهِلِينَ,18,17,9
12:34,10,7,ٱلْعَلِيمُ,11,10,4
12:36,27,5,ٱلْمُحْسِنِينَ,31,27,23
12:37,26,12,كَـٰفِرُونَ,28,26,15
12:38,26,7,يَشْكُرُونَ,28,26,20
12:40,32,16,يَعْلَمُونَ,35,32,17
12:41,19,8,تَسْتَفْتِيَانِ,21,19,12
12:43,24,16,تَعْبُرُونَ,25,24,9
12:44,8,4,بِعَـٰلِمِينَ,9,8,5
12:50,22,5,عَلِيمٌۭ,24,22,18
12:51,29,9,ٱلصَّـٰدِقِينَ,31,29,21
12:53,15,1,رَّحِيمٌۭ,18,15,15
12:54,14,7,أَمِينٌۭ,15,14,8
12:55,8,6,عَلِيمٌۭ,9,8,3
12:56,17,10,ٱلْمُحْسِنِينَ,19,17,8
12:59,17,10,ٱلْمُنزِلِينَ,18,17,8
12:64,17,12,ٱلرَّٰحِمِينَ,19,17,6
12:65,25,8,يَسِيرٌۭ,29,25,18
12:66,24,16,وَكِيلٌۭ,25,24,9
12:67,27,12,ٱلْمُتَوَكِّلُونَ,31,27,16
12:68,30,21,يَعْلَمُونَ,31,30,10
12:69,16,8,يَعْمَلُونَ,17,16,9
12:75,11,9,ٱلظَّـٰلِمِينَ,12,11,3
12:76,33,11,عَلِيمٌۭ,37,33,23
12:77,24,1,تَصِفُونَ,28,24,24
12:78,15,12,ٱلْمُحْسِنِينَ,16,15,4
12:80,37,6,ٱلْحَـٰكِمِينَ,40,37,32
12:82,11,10,لَصَـٰدِقُونَ,12,11,2
12:83,18,7,ٱلْحَكِيمُ,21,18,12
12:87,20,12,ٱلْكَـٰفِرُونَ,21,20,9
12:88,21,18,ٱلْمُتَصَدِّقِينَ,22,21,4
12:90,23,5,ٱلْمُحْسِنِينَ,26,23,19
12:92,11,6,ٱلرَّٰحِمِينَ,13,11,6
12:94,12,10,تُفَنِّدُونِ,13,12,3
12:96,20,10,تَعْلَمُونَ,21,20,11
12:98,9,6,ٱلرَّحِيمُ,10,9,4
12:100,46,8,ٱلْحَكِيمُ,50,46,39
12:101,21,1,بِٱلصَّـٰلِحِينَ,24,21,21
12:102,14,7,يَمْكُرُونَ,15,14,8
12:104,10,6,لِّلْعَـٰلَمِينَ,11,10,5
12:108,17,7,ٱلْمُشْرِكِينَ,19,17,11
12:109,29,12,تَعْقِلُونَ,32,29,18
12:110,19,14,ٱلْمُجْرِمِينَ,20,19,6
12:111,23,8,يُؤْمِنُونَ,24,23,16
13:1,15,2,يُؤْمِنُونَ,17,15,14
13:2,26,8,تُوقِنُونَ,30,26,19
13:3,24,9,يَتَفَكَّرُونَ,27,24,16
13:4,27,22,يَعْقِلُونَ,28,27,6
13:5,25,1,خَـٰلِدُونَ,30,25,25
13:6,20,10,ٱلْعِقَابِ,22,20,11
13:7,15,10,هَادٍ,17,15,6
13:8,15,12,بِمِقْدَارٍ,16,15,4
13:11,35,12,وَالٍ,38,35,24
13:14,27,4,ضَلَـٰلٍۢ,29,27,24
13:16,45,8,ٱلْقَهَّـٰرُ,49,45,38
13:17,42,12,ٱلْأَمْثَالَ,47,42,31
13:18,27,5,ٱلْمِهَادُ,30,27,23
13:19,15,1,ٱلْأَلْبَـٰبِ,17,15,15
13:23,15,10,بَابٍۢ,16,15,6
13:24,7,5,ٱلدَّارِ,8,7,3
13:25,23,18,ٱلدَّارِ,24,23,6
13:26,16,7,مَتَـٰعٌۭ,17,16,10
13:27,19,10,أَنَابَ,20,19,10
13:28,11,7,ٱلْقُلُوبُ,12,11,5
13:30,28,18,مَتَابِ,29,28,11
13:31,51,15,ٱلْمِيعَادَ,55,51,37
13:32,13,11,عِقَابِ,14,13,3
13:33,39,9,هَادٍۢ,43,39,31
13:34,14,6,وَاقٍۢ,16,14,9
13:35,19,1,ٱلنَّارُ,24,19,19
13:36,25,8,مَـَٔابِ,28,25,18
13:37,19,5,وَاقٍۢ,20,19,15
13:38,21,10,كِتَابٌۭ,23,21,12
13:39,8,6,ٱلْكِتَـٰبِ,9,8,3
13:41,16,9,ٱلْحِسَابِ,18,16,8
13:42,18,9,ٱلدَّارِ,20,18,10
13:43,15,6,ٱلْكِتَـٰبِ,16,15,10
14:1,16,2,ٱلْحَمِيدِ,17,16,15
14:2,14,10,شَدِيدٍ,15,14,5
14:3,16,13,بَعِيدٍۢ,17,16,4
14:4,19,10,ٱلْحَكِيمُ,21,19,10
14:5,21,15,شَكُورٍۢ,22,21,7
14:6,26,21,عَظِيمٌۭ,27,26,6
14:7,11,7,لَشَدِيدٌۭ,12,11,5
14:9,37,11,مُرِيبٍۢ,40,37,27
14:10,33,1,مُّبِينٍۢ,36,33,33
14:11,29,17,ٱلْمُؤْمِنُونَ,31,29,13
14:12,17,10,ٱلْمُتَوَكِّلُونَ,19,17,8
14:13,16,12,ٱلظَّـٰلِمِينَ,17,16,5
14:14,10,5,وَعِيدِ,11,10,6
14:17,16,13,غَلِيظٌۭ,17,16,4
14:18,22,5,ٱلْبَعِيدُ,25,22,18
14:19,14,9,جَدِيدٍۢ,15,14,6
14:21,34,21,مَّحِيصٍۢ,36,34,14
14:22,44,13,أَلِيمٌۭ,49,44,32
14:23,17,15,سَلَـٰمٌ,18,17,3
14:25,12,7,يَتَذَكَّرُونَ,13,12,6
14:27,18,12,يَشَآءُ,20,18,7
14:28,12,1,ٱلْبَوَارِ,13,12,12
14:29,4,3,ٱلْقَرَارُ,5,4,2
14:30,12,7,ٱلنَّارِ,13,12,6
14:32,25,16,ٱلْأَنْهَـٰرَ,27,25,10
14:33,9,6,وَٱلنَّهَارَ,10,9,4
14:34,15,6,كَفَّارٌۭ,17,15,10
14:36,15,7,رَّحِيمٌۭ,17,15,9
14:38,18,8,ٱلسَّمَآءِ,19,18,11
14:39,13,10,ٱلدُّعَآءِ,14,13,4
14:40,9,7,دُعَآءِ,10,9,3
14:42,13,8,ٱلْأَبْصَـٰرُ,14,13,6
14:43,9,8,هَوَآءٌۭ,10,9,2
14:44,26,18,زَوَالٍۢ,27,26,9
14:47,11,7,ٱنتِقَامٍۢ,12,11,5
14:48,10,7,ٱلْقَهَّارِ,11,10,4
14:51,10,7,ٱلْحِسَابِ,11,10,4
15:1,6,2,مُّبِينٍۢ,7,6,5
15:3,7,6,يَعْلَمُونَ,8,7,2
15:13,7,4,ٱلْأَوَّلِينَ,8,7,4
15:25,7,5,عَلِيمٌۭ,8,7,3
15:49,6,1,ٱلرَّحِيمُ,7,6,6
15:60,6,4,ٱلْغَـٰبِرِينَ,7,6,3
15:85,14,9,ٱلْجَمِيلَ,16,14,6
15:96,8,7,يَعْلَمُونَ,9,8,2
16:1,9,6,يُشْرِكُونَ,10,9,4
16:3,7,5,يُشْرِكُونَ,8,7,3
16:5,8,3,تَأْكُلُونَ,9,8,6
16:7,14,11,رَّحِيمٌۭ,15,14,4
16:8,9,6,تَعْلَمُونَ,10,9,4
16:9,10,7,أَجْمَعِينَ,11,10,4
16:10,13,7,تُسِيمُونَ,14,13,7
16:11,16,11,يَتَفَكَّرُونَ,17,16,6
16:12,15,7,يَعْقِلُونَ,17,15,9
16:13,13,8,يَذَّكَّرُونَ,14,13,6
16:16,4,2,يَهْتَدُونَ,5,4,3
16:17,7,6,تَذَكَّرُونَ,8,7,2
16:18,10,7,رَّحِيمٌۭ,11,10,4
16:21,7,4,يُبْعَثُونَ,8,7,4
16:22,11,4,مُّسْتَكْبِرُونَ,12,11,8
16:23,13,10,ٱلْمُسْتَكْبِرِينَ,14,13,4
16:24,9,7,ٱلْأَوَّلِينَ,10,9,3
16:25,15,6,يَزِرُونَ,17,15,10
16:27,21,12,ٱلْكَـٰفِرِينَ,22,21,10
16:28,19,6,تَعْمَلُونَ,21,19,14
16:29,8,6,ٱلْمُتَكَبِّرِينَ,9,8,3
16:30,20,1,ٱلْمُتَّقِينَ,25,20,20
16:31,15,8,ٱلْمُتَّقِينَ,17,15,8
16:32,12,5,تَعْمَلُونَ,13,12,8
16:33,22,11,يَظْلِمُونَ,24,22,12
16:35,32,22,ٱلْمُبِينُ,34,32,11
16:36,28,12,ٱلْمُكَذِّبِينَ,30,28,17
16:37,14,11,نَّـٰصِرِينَ,15,14,4
16:38,18,5,يَعْلَمُونَ,20,18,14
16:41,18,13,يَعْلَمُونَ,20,18,6
16:43,15,9,تَعْلَمُونَ,16,15,7
16:44,12,3,يَتَفَكَّرُونَ,13,12,10
16:51,12,1,فَٱرْهَبُونِ,15,12,12
16:52,11,9,تَتَّقُونَ,12,11,3
16:53,12,7,تَجْـَٔرُونَ,13,12,6
16:55,6,4,تَعْلَمُونَ,8,6,3
16:56,12,8,تَفْتَرُونَ,13,12,5
16:57,7,5,يَشْتَهُونَ,8,7,3
16:59,19,9,يَحْكُمُونَ,21,19,11
16:60,12,7,ٱلْحَكِيمُ,14,12,6
16:61,23,16,يَسْتَقْدِمُونَ,25,23,8
16:62,17,11,مُّفْرَطُونَ,18,17,7
16:64,14,11,يُؤْمِنُونَ,15,14,4
16:65,16,11,يَسْمَعُونَ,17,16,6
16:66,17,6,لِّلشَّـٰرِبِينَ,18,17,12
16:67,15,10,يَعْقِلُونَ,16,15,6
16:69,24,10,يَتَفَكَّرُونَ,26,24,15
16:70,20,5,قَدِيرٌۭ,22,20,16
16:71,22,8,يَجْحَدُونَ,24,22,15
16:72,21,16,يَكْفُرُونَ,22,21,6
16:74,10,5,تَعْلَمُونَ,11,10,6
16:75,27,1,يَعْلَمُونَ,31,27,27
16:76,29,20,مُّسْتَقِيمٍۢ,31,29,10
16:77,19,5,قَدِيرٌۭ,21,19,15
16:78,15,14,تَشْكُرُونَ,16,15,2
16:79,18,13,يُؤْمِنُونَ,19,18,6
16:80,25,18,حِينٍۢ,26,25,8
16:81,25,20,تُسْلِمُونَ,26,25,6
16:86,19,15,لَكَـٰذِبُونَ,20,19,5
16:87,10,6,يَفْتَرُونَ,11,10,5
16:89,24,10,لِلْمُسْلِمِينَ,26,24,15
16:90,16,1,تَذَكَّرُونَ,18,16,16
16:91,20,16,تَفْعَلُونَ,21,20,5
16:92,32,21,تَخْتَلِفُونَ,34,32,12
16:93,17,14,تَعْمَلُونَ,18,17,4
16:94,19,17,عَظِيمٌۭ,20,19,3
16:95,15,7,تَعْلَمُونَ,16,15,9
16:96,15,4,يَعْمَلُونَ,17,15,12
16:97,18,13,يَعْمَلُونَ,19,18,6
16:101,17,6,يَعْلَمُونَ,19,17,12
16:103,16,8,مُّبِينٌ,17,16,9
16:105,11,9,ٱلْكَـٰذِبُونَ,12,11,3
16:108,11,9,ٱلْغَـٰفِلُونَ,12,11,3
16:111,15,1,يُظْلَمُونَ,16,15,15
16:115,22,13,رَّحِيمٌۭ,23,22,10
16:116,22,15,يُفْلِحُونَ,23,22,8
16:118,15,10,يَظْلِمُونَ,16,15,6
16:121,7,3,مُّسْتَقِيمٍۢ,8,7,5
16:122,9,5,ٱلصَّـٰلِحِينَ,10,9,5
16:123,12,9,ٱلْمُشْرِكِينَ,13,12,4
16:124,17,8,يَخْتَلِفُونَ,18,17,10
16:125,22,8,بِٱلْمُهْتَدِينَ,25,22,15
16:126,12,8,لِّلصَّـٰبِرِينَ,13,12,5
16:127,14,6,يَمْكُرُونَ,15,14,9
17:1,21,18,ٱلْبَصِيرُ,22,21,4
17:3,9,6,شَكُورًۭا,10,9,4
17:5,17,15,مَّفْعُولًۭا,18,17,3
17:7,23,5,تَتْبِيرًا,25,23,19
17:8,11,5,حَصِيرًا,13,11,7
17:11,8,6,عَجُولًۭا,9,8,3
17:12,23,5,تَفْصِيلًۭا,25,23,19
17:13,13,7,مَنشُورًا,14,13,7
17:15,21,6,رَسُولًۭا,24,21,16
17:17,13,8,بَصِيرًۭا,14,13,6
17:20,12,8,مَحْظُورًا,13,12,5
17:21,11,7,تَفْضِيلًۭا,12,11,5
17:23,25,1,كَرِيمًۭا,27,25,25
17:25,12,6,غَفُورًۭا,13,12,7
17:27,9,6,كَفُورًۭا,10,9,4
17:30,12,8,بَصِيرًۭا,13,12,5
17:31,13,6,كَبِيرًۭا,15,13,8
17:32,8,4,سَبِيلًۭا,9,8,5
17:33,22,9,مَنصُورًۭا,24,22,14
17:34,17,12,مَسْـُٔولًۭا,19,17,6
17:35,11,8,تَأْوِيلًۭا,12,11,4
17:36,16,8,مَسْـُٔولًۭا,17,16,9
17:37,13,6,طُولًۭا,14,13,8
17:39,18,8,مَّدْحُورًا,19,18,11
17:40,11,8,عَظِيمًۭا,12,11,4
17:44,21,8,غَفُورًۭا,23,21,14
17:46,19,10,نُفُورًۭا,20,19,10
17:50,5,1,حَدِيدًا,6,5,5
17:51,25,7,قَرِيبًۭا,29,25,19
17:53,16,7,مُّبِينًۭا,18,16,10
17:54,14,4,وَكِيلًۭا,16,14,11
17:55,15,7,زَبُورًۭا,17,15,9
17:57,18,14,مَحْذُورًۭا,19,18,5
17:58,18,14,مَسْطُورًۭا,19,18,5
17:59,21,11,تَخْوِيفًۭا,23,21,11
17:60,25,8,كَبِيرًۭا,27,25,18
17:64,19,15,غُرُورًا,20,19,5
17:65,9,7,وَكِيلًۭا,10,9,3
17:66,14,11,رَحِيمًۭا,15,14,4
17:67,18,11,كَفُورًا,20,18,8
17:69,22,16,تَبِيعًۭا,23,22,7
17:70,17,1,تَفْضِيلًۭا,18,17,17
17:71,15,6,فَتِيلًۭا,16,15,10
17:73,13,11,خَلِيلًۭا,14,13,3
17:76,13,8,قَلِيلًۭا,14,13,6
17:77,11,8,تَحْوِيلًا,12,11,4
17:78,14,10,مَشْهُودًۭا,15,14,5
17:81,9,6,زَهُوقًۭا,10,9,4
17:82,13,9,خَسَارًۭا,14,13,5
17:83,12,8,يَـُٔوسًۭا,13,12,5
17:85,14,4,قَلِيلًۭا,15,14,11
17:87,9,5,كَبِيرًۭا,10,9,5
17:93,26,19,رَّسُولًۭا,27,26,8
17:96,11,7,بَصِيرًۭا,12,11,5
17:97,27,6,سَعِيرًۭا,31,27,22
17:99,23,1,كُفُورًۭا,24,23,23
17:100,14,12,قَتُورًۭا,15,14,3
17:101,18,7,مَسْحُورًۭا,19,18,12
17:105,9,5,وَنَذِيرًۭا,10,9,5
17:107,18,7,سُجَّدًۭا,19,18,12
17:110,22,7,سَبِيلًۭا,24,22,16
17:111,21,20,تَكْبِيرًۢا,22,21,2
18:5,16,8,كَذِبًۭا,18,16,9
18:13,11,6,هُدًۭى,12,11,6
18:14,19,16,شَطَطًا,20,19,4
18:15,18,7,كَذِبًۭا,20,18,12
18:17,34,1,مُّرْشِدًۭا,38,34,34
18:18,22,5,رُعْبًۭا,25,22,18
18:19,38,5,أَحَدًا,41,38,34
18:21,32,18,مَّسْجِدًۭا,35,32,15
18:22,33,11,أَحَدًۭا,36,33,23
18:24,17,5,رَشَدًۭا,18,17,13
18:26,23,6,أَحَدًۭا,26,23,18
18:27,15,8,مُلْتَحَدًۭا,16,15,8
18:28,30,11,فُرُطًۭا,32,30,20
18:29,28,5,مُرْتَفَقًا,32,28,24
18:31,28,25,مُرْتَفَقًۭا,29,28,4
18:32,14,1,زَرْعًۭا,15,14,14
18:33,11,9,نَهَرًۭا,12,11,3
18:39,19,13,وَوَلَدًۭا,20,19,7
18:44,9,5,عُقْبًۭا,10,9,5
18:45,23,18,مُّقْتَدِرًا,24,23,6
18:46,13,6,أَمَلًۭا,14,13,8
18:48,16,11,مَّوْعِدًۭا,17,16,6
18:49,27,20,أَحَدًۭا,29,27,8
18:50,26,16,بَدَلًۭا,28,26,11
18:51,13,1,عَضُدًۭا,14,13,13
18:54,14,10,جَدَلًۭا,15,14,5
18:56,18,7,هُزُوًۭا,20,18,12
18:57,30,13,أَبَدًۭا,32,30,18
18:58,19,5,مَوْئِلًۭا,21,19,15
18:63,20,16,عَجَبًۭا,21,20,5
18:64,9,6,قَصَصًۭا,10,9,4
18:71,15,8,إِمْرًۭا,16,15,8
18:75,9,1,صَبْرًۭا,10,9,9
18:76,13,9,عُذْرًۭا,14,13,5
18:77,24,19,أَجْرًۭا,25,24,6
18:78,12,6,صَبْرًا,13,12,7
18:82,35,25,صَبْرًۭا,37,35,11
18:83,9,5,ذِكْرًا,10,9,5
18:86,24,14,حُسْنًۭا,25,24,11
18:88,13,9,يُسْرًۭا,14,13,5
18:96,19,4,قِطْرًۭا,21,19,16
18:98,15,6,حَقًّۭا,17,15,10
18:99,11,1,جَمْعًۭا,13,11,11
18:102,14,10,نُزُلًۭا,15,14,5
18:110,24,12,أَحَدًۢا,25,24,13
19:6,8,6,رَضِيًّۭا,9,8,3
19:10,13,6,سَوِيًّۭا,14,13,8
19:12,7,5,صَبِيًّۭا,8,7,3
19:13,6,5,تَقِيًّۭا,7,6,2
19:21,15,8,مَّقْضِيًّۭا,17,15,8
19:22,5,1,قَصِيًّۭا,6,5,5
19:26,18,5,إِنسِيًّۭا,19,18,14
19:27,10,5,فَرِيًّۭا,11,10,6
19:29,10,3,صَبِيًّۭا,11,10,8
19:34,9,5,يَمْتَرُونَ,10,9,5
19:35,16,8,فَيَكُونُ,18,16,9
19:36,8,6,مُّسْتَقِيمٌۭ,9,8,3
19:37,11,5,عَظِيمٍ,12,11,7
19:38,11,6,مُّبِينٍۢ,12,11,6
19:41,8,5,نَّبِيًّا,9,8,4
19:44,9,5,عَصِيًّۭا,10,9,5
19:46,12,7,مَلِيًّۭا,14,12,6
19:47,10,4,حَفِيًّۭا,12,10,7
19:49,14,12,نَبِيًّۭا,15,14,3
19:51,10,5,نَّبِيًّۭا,11,10,6
19:54,11,5,نَّبِيًّۭا,12,11,7
19:56,8,5,نَّبِيًّۭا,9,8,4
19:58,29,22,وَبُكِيًّۭا ۩,30,29,8
19:59,11,1,غَيًّا,13,11,11
19:61,11,8,مَأْتِيًّۭا,12,11,4
19:62,11,7,وَعَشِيًّۭا,12,11,5
19:64,18,6,نَسِيًّۭا,20,18,13
19:65,12,9,سَمِيًّۭا,13,12,4
19:71,9,5,مَّقْضِيًّۭا,10,9,5
19:75,25,10,جُندًۭا,26,25,16
19:76,13,6,مَّرَدًّا,14,13,8
19:79,9,2,مَدًّۭا,10,9,8
19:82,6,2,ضِدًّا,7,6,5
19:84,7,4,عَدًّۭا,8,7,4
20:8,8,6,ٱلْحُسْنَىٰ,9,8,3
20:12,9,6,طُوًۭى,10,9,4
20:21,7,5,ٱلْأُولَىٰ,8,7,3
20:39,22,16,عَيْنِىٓ,23,22,7
20:40,34,10,يَـٰمُوسَىٰ,37,34,25
20:46,7,4,وَأَرَىٰ,8,7,4
20:47,21,12,ٱلْهُدَىٰٓ,23,21,10
20:52,11,7,يَنسَى,12,11,5
20:54,9,4,ٱلنُّهَىٰ,10,9,6
20:55,8,1,أُخْرَىٰ,9,8,8
20:61,15,12,ٱفْتَرَىٰ,16,15,4
20:64,10,6,ٱسْتَعْلَىٰ,11,10,5
20:66,12,4,تَسْعَىٰ,13,12,9
20:69,16,8,أَتَىٰ,18,16,9
20:71,26,8,وَأَبْقَىٰ,28,26,19
20:72,19,11,ٱلدُّنْيَآ,21,19,9
20:73,14,12,وَأَبْقَىٰٓ,15,14,3
20:76,12,9,تَزَكَّىٰ,13,12,4
20:81,17,12,هَوَىٰ,18,17,6
20:83,5,1,يَـٰمُوسَىٰ,6,5,5
20:86,26,7,مَّوْعِدِى,28,26,20
20:90,16,11,أَمْرِى,17,16,6
20:93,4,3,أَمْرِى,5,4,2
20:94,18,8,قَوْلِى,19,18,11
20:97,28,11,نَسْفًا,31,28,18
20:98,12,9,عِلْمًۭا,13,12,4
20:99,13,9,ذِكْرًۭا,14,13,5
20:101,7,3,حِمْلًۭا,8,7,5
20:102,8,5,زُرْقًۭا,9,8,4
20:108,13,7,هَمْسًۭا,14,13,7
20:111,9,1,ظُلْمًۭا,11,9,9
20:114,17,5,عِلْمًۭا,19,17,13
20:121,15,12,فَغَوَىٰ,16,15,4
20:123,18,5,يَشْقَىٰ,20,18,14
20:126,8,6,تُنسَىٰ,9,8,3
20:127,12,9,وَأَبْقَىٰٓ,13,12,4
20:128,17,12,ٱلنُّهَىٰ,18,17,6
20:130,20,13,تَرْضَىٰ,21,20,8
20:131,18,15,وَأَبْقَىٰ,19,18,4
20:132,12,6,لِلتَّقْوَىٰ,15,12,7
20:133,13,7,ٱلْأُولَىٰ,14,13,7
20:135,11,5,ٱهْتَدَىٰ,12,11,7
21:3,15,3,تُبْصِرُونَ,17,15,13
21:4,10,8,ٱلْعَلِيمُ,11,10,3
21:6,8,7,يُؤْمِنُونَ,9,8,2
21:7,14,8,تَعْلَمُونَ,15,14,7
21:10,8,7,تَعْقِلُونَ,9,8,2
21:18,13,10,تَصِفُونَ,14,13,4
21:19,13,6,يَسْتَحْسِرُونَ,14,13,8
21:22,13,8,يَصِفُونَ,14,13,6
21:24,22,6,مُّعْرِضُونَ,26,22,17
21:26,8,5,مُّكْرَمُونَ,10,8,4
21:29,13,1,ٱلظَّـٰلِمِينَ,15,13,13
21:30,18,11,يُؤْمِنُونَ,20,18,8
21:32,8,5,مُعْرِضُونَ,9,8,4
21:33,11,8,يَسْبَحُونَ,12,11,4
21:34,10,7,ٱلْخَـٰلِدُونَ,11,10,4
21:35,10,5,تُرْجَعُونَ,12,10,6
21:37,8,5,تَسْتَعْجِلُونِ,9,8,4
21:42,13,8,مُّعْرِضُونَ,14,13,6
21:43,14,7,يُصْحَبُونَ,15,14,8
21:44,18,9,ٱلْغَـٰلِبُونَ,20,18,10
21:45,11,5,يُنذَرُونَ,12,11,7
21:47,20,10,حَـٰسِبِينَ,22,20,11
21:50,7,5,مُنكِرُونَ,8,7,3
21:51,9,1,عَـٰلِمِينَ,10,9,9
21:67,9,8,تَعْقِلُونَ,10,9,2
21:72,8,6,صَـٰلِحِينَ,9,8,3
21:73,15,13,عَـٰبِدِينَ,16,15,3
21:74,16,12,فَـٰسِقِينَ,17,16,5
21:75,6,4,ٱلصَّـٰلِحِينَ,7,6,3
21:77,12,7,أَجْمَعِينَ,13,12,6
21:79,14,3,فَـٰعِلِينَ,17,14,12
21:80,10,8,شَـٰكِرُونَ,11,10,3
21:81,14,11,عَـٰلِمِينَ,15,14,4
21:82,12,10,حَـٰفِظِينَ,13,12,3
21:83,10,1,ٱلرَّٰحِمِينَ,11,10,10
21:84,16,8,لِلْعَـٰبِدِينَ,17,16,9
21:85,7,5,ٱلصَّـٰبِرِينَ,8,7,3
21:86,6,4,ٱلصَّـٰلِحِينَ,7,6,3
21:88,8,6,ٱلْمُؤْمِنِينَ,9,8,3
21:90,19,9,خَـٰشِعِينَ,21,19,11
21:93,6,4,رَٰجِعُونَ,7,6,3
21:99,9,7,خَـٰلِدُونَ,10,9,3
21:102,9,4,خَـٰلِدُونَ,10,9,6
21:104,16,7,فَـٰعِلِينَ,19,16,10
21:108,11,9,مُّسْلِمُونَ,12,11,3
21:109,13,7,تُوعَدُونَ,14,13,7
21:112,10,5,تَصِفُونَ,11,10,6
22:1,9,5,عَظِيمٌۭ,10,9,5
22:5,69,27,بَهِيجٍۢ,72,69,43
22:9,15,7,ٱلْحَرِيقِ,17,15,9
22:11,25,8,ٱلْمُبِينُ,28,25,18
22:12,14,11,ٱلْبَعِيدُ,15,14,4
22:13,10,7,ٱلْعَشِيرُ,11,10,4
22:14,17,13,يُرِيدُ,18,17,5
22:17,22,17,شَهِيدٌ,23,22,6
22:18,37,22,يَشَآءُ ۩,40,37,16
22:19,17,1,ٱلْحَمِيمُ,19,17,17
22:23,22,20,حَرِيرٌۭ,23,22,3
22:25,25,17,أَلِيمٍۢ,26,25,9
22:28,20,16,ٱلْفَقِيرَ,21,20,5
22:30,24,11,ٱلزُّورِ,26,24,14
22:31,21,6,سَحِيقٍۢ,22,21,16
22:34,20,14,ٱلْمُخْبِتِينَ,22,20,7
22:36,27,10,تَشْكُرُونَ,30,27,18
22:37,20,11,ٱلْمُحْسِنِينَ,22,20,10
22:38,13,1,كَفُورٍ,15,13,13
22:39,10,6,لَقَدِيرٌ,11,10,5
22:40,35,12,عَزِيزٌ,38,35,24
22:41,17,15,ٱلْأُمُورِ,18,17,3
22:44,11,3,نَكِيرِ,13,11,9
22:46,23,14,ٱلصُّدُورِ,24,23,10
22:47,14,7,تَعُدُّونَ,15,14,8
22:52,27,25,حَكِيمٌۭ,28,27,3
22:53,16,12,بَعِيدٍۢ,17,16,5
22:54,21,14,مُّسْتَقِيمٍۢ,22,21,8
22:56,12,6,ٱلنَّعِيمِ,13,12,7
22:58,18,14,ٱلرَّٰزِقِينَ,19,18,5
22:59,7,4,حَلِيمٌۭ,8,7,4
22:60,16,1,غَفُورٌۭ,18,16,16
22:63,15,12,خَبِيرٌۭ,16,15,4
22:64,12,8,ٱلْحَمِيدُ,13,12,5
22:65,27,23,رَّحِيمٌۭ,28,27,5
22:66,10,8,لَكَفُورٌۭ,11,10,3
22:67,17,7,مُّسْتَقِيمٍۢ,20,17,11
22:70,18,10,يَسِيرٌۭ,20,18,9
22:71,18,15,نَّصِيرٍۢ,19,18,4
22:72,29,12,ٱلْمَصِيرُ,33,29,18
22:73,28,7,وَٱلْمَطْلُوبُ,31,28,22
22:74,9,6,عَزِيزٌ,10,9,4
22:75,11,8,بَصِيرٌۭ,12,11,4
22:76,10,7,ٱلْأُمُورُ,11,10,4
22:78,44,6,ٱلنَّصِيرُ,49,44,39
23:14,21,18,ٱلْخَـٰلِقِينَ,22,21,4
23:18,13,9,لَقَـٰدِرُونَ,14,13,5
23:21,15,6,تَأْكُلُونَ,16,15,10
23:23,16,15,تَتَّقُونَ,17,16,2
23:27,32,13,مُّغْرَقُونَ,35,32,20
23:32,14,13,تَتَّقُونَ,15,14,2
23:36,4,1,تُوعَدُونَ,5,4,4
23:41,8,6,ٱلظَّـٰلِمِينَ,9,8,3
23:44,19,5,يُؤْمِنُونَ,22,19,15
23:51,11,8,عَلِيمٌۭ,12,11,4
23:53,9,5,فَرِحُونَ,10,9,5
23:56,7,5,يَشْعُرُونَ,8,7,3
23:62,12,6,يُظْلَمُونَ,14,12,7
23:65,7,4,تُنصَرُونَ,8,7,4
23:70,10,5,كَـٰرِهُونَ,11,10,6
23:71,16,10,مُّعْرِضُونَ,17,16,7
23:72,9,7,ٱلرَّٰزِقِينَ,10,9,3
23:75,11,1,يَعْمَهُونَ,12,11,11
23:78,10,8,تَشْكُرُونَ,11,10,3
23:80,10,9,تَعْقِلُونَ,11,10,2
23:85,5,3,تَذَكَّرُونَ,6,5,3
23:87,5,3,تَتَّقُونَ,6,5,3
23:89,5,3,تُسْحَرُونَ,6,5,3
23:91,24,11,يَصِفُونَ,26,24,14
23:96,9,6,يَصِفُونَ,10,9,4
23:100,16,6,يُبْعَثُونَ,19,16,11
23:114,9,6,تَعْلَمُونَ,10,9,4
23:116,11,5,ٱلْكَرِيمِ,12,11,7
23:117,18,15,ٱلْكَـٰفِرُونَ,19,18,4
24:2,26,9,ٱلْمُؤْمِنِينَ,28,26,18
24:3,18,15,ٱلْمُؤْمِنِينَ,19,18,4
24:4,19,17,ٱلْفَـٰسِقُونَ,20,19,3
24:6,17,15,ٱلصَّـٰدِقِينَ,18,17,3
24:8,11,9,ٱلْكَـٰذِبِينَ,12,11,3
24:11,28,7,عَظِيمٌۭ,32,28,22
24:13,14,6,ٱلْكَـٰذِبُونَ,15,14,9
24:18,7,5,حَكِيمٌ,8,7,3
24:19,20,16,تَعْلَمُونَ,21,20,5
24:21,34,1,عَلِيمٌۭ,38,34,34
24:22,26,16,رَّحِيمٌ,29,26,11
24:26,16,5,كَرِيمٌۭ,19,16,12
24:27,18,14,تَذَكَّرُونَ,19,18,5
24:28,22,11,عَلِيمٌۭ,25,22,12
24:29,17,12,تَكْتُمُونَ,18,17,6
24:30,15,8,يَصْنَعُونَ,17,15,8
24:31,78,15,تُفْلِحُونَ,82,78,64
24:32,17,8,عَلِيمٌۭ,19,17,10
24:33,48,11,رَّحِيمٌۭ,52,48,38
24:35,48,1,عَلِيمٌۭ,56,48,48
24:37,19,14,وَٱلْأَبْصَـٰرُ,20,19,6
24:38,14,9,حِسَابٍۢ,15,14,6
24:39,22,20,ٱلْحِسَابِ,23,22,3
24:40,33,14,نُّورٍ,35,33,20
24:41,21,13,يَفْعَلُونَ,23,21,9
24:42,7,5,ٱلْمَصِيرُ,8,7,3
24:43,38,34,بِٱلْأَبْصَـٰرِ,39,38,5
24:44,10,5,ٱلْأَبْصَـٰرِ,11,10,6
24:45,31,7,قَدِيرٌۭ,34,31,25
24:46,11,5,مُّسْتَقِيمٍۢ,12,11,7
24:47,15,13,بِٱلْمُؤْمِنِينَ,16,15,3
24:50,16,13,ٱلظَّـٰلِمُونَ,17,16,4
24:51,18,16,ٱلْمُفْلِحُونَ,19,18,3
24:53,17,1,تَعْمَلُونَ,21,17,17
24:54,23,6,ٱلْمُبِينُ,26,23,18
24:55,38,27,ٱلْفَـٰسِقُونَ,40,38,12
24:57,11,8,ٱلْمَصِيرُ,13,11,4
24:58,49,15,حَكِيمٌۭ,55,49,35
24:59,19,12,حَكِيمٌۭ,21,19,8
24:60,23,17,عَلِيمٌۭ,25,23,7
24:61,76,50,تَعْقِلُونَ,79,76,27
24:62,39,17,رَّحِيمٌۭ,42,39,23
24:63,27,9,أَلِيمٌ,29,27,19
24:64,22,8,عَلِيمٌۢ,24,22,15
25:4,16,13,وَزُورًۭا,17,16,4
25:6,12,9,رَّحِيمًۭا,13,12,4
25:7,16,10,نَذِيرًا,17,16,7
25:8,17,11,مَّسْحُورًا,18,17,7
25:11,8,4,سَعِيرًا,9,8,5
25:15,13,10,وَمَصِيرًۭا,14,13,4
25:16,10,6,مَّسْـُٔولًۭا,11,10,5
25:19,15,10,كَبِيرًۭا,16,15,6
25:20,20,13,بَصِيرًۭا,22,20,8
25:21,19,1,كَبِيرًۭا,21,19,19
25:26,9,5,عَسِيرًۭا,10,9,5
25:29,11,8,خَذُولًۭا,12,11,4
25:31,11,8,وَنَصِيرًۭا,12,11,4
25:32,15,10,تَرْتِيلًۭا,17,15,6
25:37,13,10,أَلِيمًۭا,14,13,4
25:39,7,5,تَتْبِيرًۭا,8,7,3
25:40,16,9,نُشُورًۭا,18,16,8
25:42,17,10,سَبِيلًا,18,17,8
25:44,15,8,سَبِيلًا,17,15,8
25:48,13,9,طَهُورًۭا,14,13,5
25:53,15,1,مَّحْجُورًۭا,16,15,15
25:54,12,10,قَدِيرًۭا,13,12,3
25:55,14,10,ظَهِيرًۭا,15,14,5
25:58,13,9,خَبِيرًا,14,13,5
25:59,17,14,خَبِيرًۭا,18,17,4
25:65,11,8,غَرَامًا,12,11,4
25:68,22,18,أَثَامًۭا,23,22,5
25:70,16,13,رَّحِيمًۭا,17,16,4
25:76,5,3,وَمُقَامًۭا,6,5,3
25:77,12,8,لِزَامًۢا,13,12,5
26:8,8,5,مُّؤْمِنِينَ,9,8,4
26:11,4,3,يَتَّقُونَ,5,4,2
26:15,7,3,مُّسْتَمِعُونَ,9,7,5
26:24,9,7,مُّوقِنِينَ,10,9,3
26:28,9,7,تَعْقِلُونَ,10,9,3
26:49,21,8,أَجْمَعِينَ,23,21,14
26:50,7,4,مُنقَلِبُونَ,8,7,4
26:52,8,1,مُّتَّبَعُونَ,9,8,8
26:62,6,3,سَيَهْدِينِ,7,6,4
26:63,13,8,ٱلْعَظِيمِ,14,13,6
26:67,8,5,مُّؤْمِنِينَ,9,8,4
26:103,8,5,مُّؤْمِنِينَ,9,8,4
26:109,11,6,ٱلْعَـٰلَمِينَ,12,11,6
26:111,5,1,ٱلْأَرْذَلُونَ,6,5,5
26:113,7,6,تَشْعُرُونَ,8,7,2
26:121,8,5,مُّؤْمِنِينَ,9,8,4
26:127,11,6,ٱلْعَـٰلَمِينَ,12,11,6
26:139,10,3,مُّؤْمِنِينَ,12,10,8
26:145,11,6,ٱلْعَـٰلَمِينَ,12,11,6
26:158,10,3,مُّؤْمِنِينَ,12,10,8
26:164,11,6,ٱلْعَـٰلَمِينَ,12,11,6
26:166,11,8,عَادُونَ,12,11,4
26:173,6,4,ٱلْمُنذَرِينَ,7,6,3
26:174,8,5,مُّؤْمِنِينَ,9,8,4
26:180,11,6,ٱلْعَـٰلَمِينَ,12,11,6
26:181,6,1,ٱلْمُخْسِرِينَ,7,6,6
26:189,10,6,عَظِيمٍ,11,10,5
26:190,8,5,مُّؤْمِنِينَ,9,8,4
26:227,19,14,يَنقَلِبُونَ,20,19,6
27:1,6,2,مُّبِينٍ,7,6,5
27:10,19,3,ٱلْمُرْسَلُونَ,21,19,17
27:12,19,10,فَـٰسِقِينَ,21,19,10
27:14,11,7,ٱلْمُفْسِدِينَ,12,11,5
27:15,15,6,ٱلْمُؤْمِنِينَ,16,15,10
27:16,18,4,ٱلْمُبِينُ,20,18,15
27:27,7,1,ٱلْكَـٰذِبِينَ,8,7,7
27:34,13,12,يَفْعَلُونَ,14,13,2
27:39,16,13,أَمِينٌۭ,17,16,4
27:40,38,15,كَرِيمٌۭ,41,38,24
27:42,14,6,مُسْلِمِينَ,16,14,9
27:43,12,8,كَـٰفِرِينَ,13,12,5
27:44,28,5,ٱلْعَـٰلَمِينَ,31,28,24
27:46,12,8,تُرْحَمُونَ,13,12,5
27:47,13,6,تُفْتَنُونَ,15,13,8
27:52,11,6,يَعْلَمُونَ,12,11,6
27:55,11,8,تَجْهَلُونَ,12,11,4
27:56,15,1,يَتَطَهَّرُونَ,17,15,15
27:58,6,4,ٱلْمُنذَرِينَ,7,6,3
27:59,12,9,يُشْرِكُونَ,13,12,4
27:60,27,21,يَعْدِلُونَ,29,27,7
27:61,21,15,يَعْلَمُونَ,23,21,7
27:62,16,11,تَذَكَّرُونَ,18,16,6
27:63,20,14,يُشْرِكُونَ,22,20,7
27:64,19,11,صَـٰدِقِينَ,21,19,9
27:65,14,11,يُبْعَثُونَ,15,14,4
27:66,14,6,عَمُونَ,16,14,9
27:78,8,6,ٱلْعَلِيمُ,9,8,3
27:79,7,4,ٱلْمُبِينِ,8,7,4
27:81,14,7,مُّسْلِمُونَ,15,14,8
27:82,16,1,يُوقِنُونَ,17,16,16
27:86,15,10,يُؤْمِنُونَ,16,15,6
27:87,18,16,دَٰخِرِينَ,19,18,3
27:88,18,9,تَفْعَلُونَ,20,18,10
27:91,17,13,ٱلْمُسْلِمِينَ,18,17,5
27:92,15,4,ٱلْمُنذِرِينَ,17,15,12
27:93,11,7,تَعْمَلُونَ,12,11,5
28:4,19,16,ٱلْمُفْسِدِينَ,20,19,4
28:7,22,7,ٱلْمُرْسَلِينَ,24,22,16
28:8,13,8,خَـٰطِـِٔينَ,14,13,6
28:9,18,8,يَشْعُرُونَ,19,18,11
28:10,17,6,ٱلْمُؤْمِنِينَ,18,17,12
28:11,10,4,يَشْعُرُونَ,11,10,7
28:12,16,1,نَـٰصِحُونَ,17,16,16
28:14,10,8,ٱلْمُحْسِنِينَ,11,10,3
28:15,38,18,مُّبِينٌۭ,41,38,21
28:16,13,10,ٱلرَّحِيمُ,14,13,4
28:18,16,11,مُّبِينٌۭ,17,16,6
28:19,32,19,ٱلْمُصْلِحِينَ,33,32,14
28:21,10,5,ٱلظَّـٰلِمِينَ,11,10,6
28:23,27,16,كَبِيرٌۭ,30,27,12
28:25,26,15,ٱلظَّـٰلِمِينَ,28,26,12
28:26,10,5,ٱلْأَمِينُ,11,10,6
28:27,29,14,ٱلصَّـٰلِحِينَ,32,29,16
28:28,15,5,وَكِيلٌۭ,17,15,11
28:29,27,1,تَصْطَلُونَ,28,27,27
28:31,19,4,ٱلْـَٔامِنِينَ,22,19,16
28:32,25,15,فَـٰسِقِينَ,27,25,11
28:34,14,11,يُكَذِّبُونِ,15,14,4
28:35,15,11,ٱلْغَـٰلِبُونَ,16,15,5
28:37,18,15,ٱلظَّـٰلِمُونَ,19,18,4
28:40,10,6,ٱلظَّـٰلِمِينَ,11,10,5
28:41,9,6,يُنصَرُونَ,10,9,4
28:42,10,6,ٱلْمَقْبُوحِينَ,11,10,5
28:45,18,7,مُرْسِلِينَ,19,18,12
28:48,26,13,كَـٰفِرُونَ,28,26,14
28:50,23,9,ٱلظَّـٰلِمِينَ,25,23,15
28:51,6,1,يَتَذَكَّرُونَ,7,6,6
28:56,13,11,بِٱلْمُهْتَدِينَ,14,13,3
28:57,25,9,يَعْلَمُونَ,26,25,17
28:58,17,7,ٱلْوَٰرِثِينَ,19,17,11
28:59,20,14,ظَـٰلِمُونَ,21,20,7
28:60,15,9,تَعْقِلُونَ,17,15,7
28:63,18,13,يَعْبُدُونَ,20,18,6
28:64,13,10,يَهْتَدُونَ,14,13,4
28:68,14,6,يُشْرِكُونَ,16,14,9
28:70,15,7,تُرْجَعُونَ,17,15,9
28:71,19,18,تَسْمَعُونَ,20,19,2
28:72,21,20,تُبْصِرُونَ,22,21,2
28:76,29,1,ٱلْفَرِحِينَ,32,29,29
28:77,26,7,ٱلْمُفْسِدِينَ,30,26,20
28:78,28,7,ٱلْمُجْرِمُونَ,30,28,22
28:79,20,6,عَظِيمٍۢ,21,20,15
28:82,26,16,ٱلْكَـٰفِرُونَ,28,26,11
28:83,14,13,لِلْمُتَّقِينَ,15,14,2
28:84,18,7,يَعْمَلُونَ,19,18,12
28:85,19,9,مُّبِينٍۢ,20,19,11
28:86,15,12,لِّلْكَـٰفِرِينَ,16,15,4
28:87,16,10,ٱلْمُشْرِكِينَ,18,16,7
28:88,19,7,تُرْجَعُونَ,22,19,13
29:3,11,6,ٱلْكَـٰذِبِينَ,12,11,6
29:4,10,8,يَحْكُمُونَ,11,10,3
29:5,12,10,ٱلْعَلِيمُ,13,12,3
29:6,10,6,ٱلْعَـٰلَمِينَ,11,10,5
29:8,21,5,تَعْمَلُونَ,23,21,17
29:10,31,25,ٱلْعَـٰلَمِينَ,32,31,7
29:12,18,17,لَكَـٰذِبُونَ,19,18,2
29:13,11,6,يَفْتَرُونَ,12,11,6
29:16,13,8,تَعْلَمُونَ,14,13,6
29:17,27,9,تُرْجَعُونَ,29,27,19
29:18,13,8,ٱلْمُبِينُ,14,13,6
29:19,13,9,يَسِيرٌۭ,14,13,5
29:20,19,9,قَدِيرٌۭ,21,19,11
29:21,8,7,تُقْلَبُونَ,9,8,2
29:22,17,9,نَصِيرٍۢ,18,17,9
29:24,20,15,يُؤْمِنُونَ,21,20,6
29:25,27,13,نَّـٰصِرِينَ,28,27,15
29:26,12,1,ٱلْحَكِيمُ,15,12,12
29:27,18,14,ٱلصَّـٰلِحِينَ,19,18,5
29:29,23,10,ٱلصَّـٰدِقِينَ,24,23,14
29:31,15,12,ظَـٰلِمِينَ,16,15,4
29:32,16,5,ٱلْغَـٰبِرِينَ,18,16,12
29:33,23,16,ٱلْغَـٰبِرِينَ,24,23,8
29:38,16,8,مُسْتَبْصِرِينَ,17,16,9
29:39,13,4,سَـٰبِقِينَ,14,13,10
29:40,28,4,يَظْلِمُونَ,30,28,25
29:41,19,12,يَعْلَمُونَ,21,19,8
29:42,12,10,ٱلْحَكِيمُ,13,12,3
29:43,8,5,ٱلْعَـٰلِمُونَ,9,8,4
29:44,10,6,لِّلْمُؤْمِنِينَ,11,10,5
29:45,21,9,تَصْنَعُونَ,24,21,13
29:46,25,1,مُسْلِمُونَ,27,25,25
29:47,19,5,ٱلْكَـٰفِرُونَ,22,19,15
29:48,13,11,ٱلْمُبْطِلُونَ,14,13,3
29:49,14,10,ٱلظَّـٰلِمُونَ,15,14,5
29:50,16,8,مُّبِينٌ,17,16,9
29:51,15,9,يُؤْمِنُونَ,16,15,7
29:52,19,7,ٱلْخَـٰسِرُونَ,21,19,13
29:53,12,3,يَشْعُرُونَ,13,12,10
29:57,7,5,تُرْجَعُونَ,8,7,3
29:58,17,15,ٱلْعَـٰمِلِينَ,18,17,3
29:60,12,10,ٱلْعَلِيمُ,13,12,3
29:61,13,12,يُؤْفَكُونَ,14,13,2
29:62,14,10,عَلِيمٌۭ,15,14,5
29:63,22,16,يَعْقِلُونَ,24,22,7
29:64,15,8,يَعْلَمُونَ,17,15,8
29:66,6,5,يَعْلَمُونَ,7,6,2
29:67,15,11,يَكْفُرُونَ,16,15,5
29:68,17,13,لِّلْكَـٰفِرِينَ,18,17,5
29:69,9,6,ٱلْمُحْسِنِينَ,10,9,4
30:4,12,4,ٱلْمُؤْمِنُونَ,14,12,9
30:5,8,3,ٱلرَّحِيمُ,10,8,6
30:6,11,3,يَعْلَمُونَ,12,11,9
30:8,22,5,لَكَـٰفِرُونَ,24,22,18
30:9,32,12,يَظْلِمُونَ,34,32,21
30:19,14,13,تُخْرَجُونَ,15,14,2
30:21,20,15,يَتَفَكَّرُونَ,21,20,6
30:22,13,9,لِّلْعَـٰلِمِينَ,14,13,5
30:23,14,9,يَسْمَعُونَ,15,14,6
30:24,21,16,يَعْقِلُونَ,22,21,6
30:25,16,8,تَخْرُجُونَ,17,16,9
30:26,8,6,قَـٰنِتُونَ,9,8,3
30:27,18,10,ٱلْحَكِيمُ,20,18,9
30:28,27,6,يَعْقِلُونَ,29,27,22
30:29,16,8,نَّـٰصِرِينَ,18,16,9
30:30,22,5,يَعْلَمُونَ,25,22,18
30:31,9,1,ٱلْمُشْرِكِينَ,10,9,9
30:32,11,7,فَرِحُونَ,12,11,5
30:34,6,4,تَعْلَمُونَ,7,6,3
30:36,15,7,يَقْنَطُونَ,16,15,9
30:37,15,10,يُؤْمِنُونَ,16,15,6
30:38,16,8,ٱلْمُفْلِحُونَ,18,16,9
30:39,22,13,ٱلْمُضْعِفُونَ,23,22,10
30:40,22,10,يُشْرِكُونَ,24,22,13
30:42,14,12,مُّشْرِكِينَ,15,14,3
30:43,16,15,يَصَّدَّعُونَ,17,16,2
30:44,9,5,يَمْهَدُونَ,10,9,5
30:45,11,8,ٱلْكَـٰفِرِينَ,12,11,4
30:47,18,14,ٱلْمُؤْمِنِينَ,19,18,5
30:48,28,19,يَسْتَبْشِرُونَ,29,28,10
30:50,19,11,قَدِيرٌۭ,21,19,9
30:53,14,7,مُّسْلِمُونَ,15,14,8
30:54,24,1,ٱلْقَدِيرُ,27,24,24
30:55,12,10,يُؤْفَكُونَ,13,12,3
30:56,20,14,تَعْلَمُونَ,21,20,7
30:58,19,10,مُبْطِلُونَ,20,19,10
30:60,10,6,يُوقِنُونَ,11,10,5
31:5,8,6,ٱلْمُفْلِحُونَ,9,8,3
31:6,18,15,مُّهِينٌۭ,19,18,4
31:7,16,14,أَلِيمٍ,17,16,3
31:9,8,3,ٱلْحَكِيمُ,10,8,6
31:10,27,6,كَرِيمٍ,29,27,22
31:11,14,10,مُّبِينٍۢ,15,14,5
31:12,18,8,حَمِيدٌۭ,20,18,11
31:13,14,11,عَظِيمٌۭ,15,14,4
31:15,29,14,تَعْمَلُونَ,32,29,16
31:16,24,21,خَبِيرٌۭ,25,24,4
31:17,17,13,ٱلْأُمُورِ,18,17,5
31:18,16,10,فَخُورٍۢ,17,16,7
31:19,11,7,ٱلْحَمِيرِ,12,11,5
31:20,30,18,مُّنِيرٍۢ,31,30,13
31:21,21,15,ٱلسَّعِيرِ,22,21,7
31:22,15,1,ٱلْأُمُورِ,17,15,15
31:23,15,6,ٱلصُّدُورِ,17,15,10
31:25,15,9,يَعْلَمُونَ,17,15,7
31:26,10,6,ٱلْحَمِيدُ,11,10,5
31:27,21,18,حَكِيمٌۭ,22,21,4
31:28,11,8,بَصِيرٌ,12,11,4
31:31,19,13,شَكُورٍۢ,20,19,7
31:32,22,16,كَفُورٍۢ,23,22,7
31:33,30,19,ٱلْغَرُورُ,32,30,12
31:34,27,12,خَبِيرٌۢ,30,27,16
32:3,18,4,يَهْتَدُونَ,19,18,15
32:4,24,15,تَتَذَكَّرُونَ,26,24,10
32:7,10,6,طِينٍۢ,11,10,5
32:9,14,7,تَشْكُرُونَ,16,14,8
32:10,14,10,كَـٰفِرُونَ,15,14,5
32:11,11,1,تُرْجَعُونَ,12,11,11
32:14,14,9,تَعْمَلُونَ,15,14,6
32:18,8,7,يَسْتَوُۥنَ,9,8,2
32:20,21,6,تُكَذِّبُونَ,22,21,16
32:22,13,10,مُنتَقِمُونَ,14,13,4
32:23,14,11,إِسْرَٰٓءِيلَ,15,14,4
32:24,10,8,يُوقِنُونَ,11,10,3
32:26,18,13,يَسْمَعُونَ,20,18,6
32:27,17,16,يُبْصِرُونَ,18,17,2
33:1,13,9,حَكِيمًۭا,14,13,5
33:2,12,7,خَبِيرًۭا,13,12,6
33:3,6,4,وَكِيلًۭا,7,6,3
33:4,28,9,ٱلسَّبِيلَ,32,28,20
33:5,28,7,رَّحِيمًا,31,28,22
33:6,29,6,مَسْطُورًۭا,32,29,24
33:7,17,14,غَلِيظًۭا,18,17,4
33:8,8,5,أَلِيمًۭا,9,8,4
33:9,21,17,بَصِيرًا,22,21,5
33:13,25,11,فِرَارًۭا,27,25,15
33:15,13,10,مَسْـُٔولًۭا,14,13,4
33:17,24,16,نَصِيرًۭا,25,24,9
33:18,14,1,قَلِيلًا,16,14,14
33:19,35,3,يَسِيرًۭا,39,35,33
33:20,23,5,قَلِيلًۭا,25,23,19
33:22,18,14,وَتَسْلِيمًۭا,19,18,5
33:23,18,9,تَبْدِيلًۭا,20,18,10
33:24,16,12,رَّحِيمًۭا,17,16,5
33:25,16,9,عَزِيزًۭا,18,16,8
33:27,13,8,قَدِيرًۭا,14,13,6
33:30,16,12,يَسِيرًۭا,17,16,5
33:31,14,1,كَرِيمًۭا,15,14,14
33:32,19,7,مَّعْرُوفًۭا,20,19,13
33:33,25,9,تَطْهِيرًۭا,27,25,17
33:34,14,10,خَبِيرًا,15,14,5
33:36,24,17,مُّبِينًۭا,25,24,8
33:37,48,26,مَفْعُولًۭا,50,48,23
33:38,22,11,مَّقْدُورًا,24,22,12
33:39,13,11,حَسِيبًۭا,14,13,3
33:40,17,13,عَلِيمًۭا,18,17,5
33:43,13,11,رَحِيمًۭا,14,13,3
33:44,8,5,كَرِيمًۭا,9,8,4
33:48,12,10,وَكِيلًۭا,13,12,3
33:49,22,19,جَمِيلًۭا,23,22,4
33:50,61,44,رَّحِيمًۭا,63,61,18
33:51,35,1,حَلِيمًۭا,40,35,35
33:52,25,20,رَّقِيبًۭا,26,25,6
33:53,69,27,عَظِيمًا,75,69,43
33:55,30,22,شَهِيدًا,32,30,9
33:56,13,7,تَسْلِيمًا,14,13,7
33:59,21,12,رَّحِيمًۭا,23,21,10
33:60,19,1,قَلِيلًۭا,20,19,19
33:61,6,2,تَقْتِيلًۭا,7,6,5
33:62,12,8,تَبْدِيلًۭا,13,12,5
33:63,15,5,قَرِيبًا,17,15,11
33:65,8,4,نَصِيرًۭا,9,8,5
33:69,16,13,وَجِيهًۭا,17,16,4
33:71,14,7,عَظِيمًا,15,14,8
33:72,18,15,جَهُولًۭا,19,18,4
33:73,15,12,رَّحِيمًۢا,16,15,4
34:1,17,15,ٱلْخَبِيرُ,18,17,3
34:2,18,16,ٱلْغَفُورُ,19,18,3
34:3,32,7,مُّبِينٍۢ,34,32,26
34:4,10,6,كَرِيمٌۭ,11,10,5
34:8,16,8,ٱلْبَعِيدِ,17,16,9
34:9,29,12,مُّنِيبٍۢ,31,29,18
34:10,12,1,ٱلْحَدِيدَ,15,12,12
34:11,12,7,بَصِيرٌۭ,14,12,6
34:12,27,7,ٱلسَّعِيرِ,30,27,21
34:13,19,12,ٱلشَّكُورُ,21,19,8
34:14,27,14,ٱلْمُهِينِ,28,27,14
34:15,20,7,غَفُورٌۭ,23,20,14
34:17,8,5,ٱلْكَفُورَ,9,8,4
34:18,17,13,ءَامِنِينَ,18,17,5
34:19,19,13,شَكُورٍۢ,20,19,7
34:21,21,17,حَفِيظٌۭ,22,21,5
34:22,26,8,ظَهِيرٍۢ,27,26,19
34:23,22,9,ٱلْكَبِيرُ,25,22,14
34:24,17,1,مُّبِينٍۢ,20,17,17
34:27,12,7,ٱلْحَكِيمُ,14,12,6
34:31,32,12,مُؤْمِنِينَ,33,32,21
34:32,15,13,مُّجْرِمِينَ,16,15,3
34:33,34,18,يَعْمَلُونَ,36,34,17
34:39,20,12,ٱلرَّٰزِقِينَ,22,20,9
34:41,13,7,مُّؤْمِنُونَ,15,13,7
34:43,34,24,مُّبِينٌۭ,35,34,11
34:44,11,6,نَّذِيرٍۢ,12,11,6
34:45,14,12,نَكِيرِ,15,14,3
34:46,24,1,شَدِيدٍۢ,28,24,24
34:47,17,8,شَهِيدٌۭ,19,17,10
34:50,16,8,قَرِيبٌۭ,18,16,9
34:53,10,6,بَعِيدٍۢ,11,10,5
34:54,15,11,مُّرِيبٍۭ,16,15,5
35:1,24,14,قَدِيرٌۭ,26,24,11
35:2,19,10,ٱلْحَكِيمُ,21,19,10
35:3,21,7,تُؤْفَكُونَ,24,21,15
35:4,11,8,ٱلْأُمُورُ,12,11,4
35:5,14,7,ٱلْغَرُورُ,16,14,8
35:6,13,7,ٱلسَّعِيرِ,14,13,7
35:7,13,6,كَبِيرٌ,14,13,8
35:8,25,8,يَصْنَعُونَ,28,25,18
35:9,17,16,ٱلنُّشُورُ,18,17,2
35:10,24,8,يَبُورُ,27,24,17
35:11,34,11,يَسِيرٌۭ,37,34,24
35:12,28,12,تَشْكُرُونَ,30,28,17
35:13,28,16,قِطْمِيرٍ,30,28,13
35:14,18,11,خَبِيرٍۢ,20,18,8
35:15,10,1,ٱلْحَمِيدُ,12,10,10
35:18,34,6,ٱلْمَصِيرُ,38,34,29
35:22,16,6,ٱلْقُبُورِ,18,16,11
35:24,12,6,نَذِيرٌۭ,13,12,7
35:26,7,5,نَكِيرِ,8,7,3
35:27,22,14,سُودٌۭ,23,22,9
35:28,17,8,غَفُورٌ,19,17,10
35:30,8,6,شَكُورٌۭ,9,8,3
35:31,16,12,بَصِيرٌۭ,17,16,5
35:32,21,8,ٱلْكَبِيرُ,23,21,14
35:33,13,11,حَرِيرٌۭ,14,13,3
35:34,11,8,شَكُورٌ,12,11,4
35:36,18,15,كَفُورٍۢ,19,18,4
35:37,25,12,نَّصِيرٍ,27,25,14
35:38,10,7,ٱلصُّدُورِ,11,10,4
35:39,24,7,خَسَارًۭا,27,24,18
35:40,33,26,غُرُورًا,34,33,8
35:41,19,1,غَفُورًۭا,22,19,19
35:42,19,13,نُفُورًا,20,19,7
35:43,26,6,تَحْوِيلًا,30,26,21
35:44,30,16,قَدِيرًۭا,32,30,15
35:45,25,18,بَصِيرًۢا,26,25,8
36:11,12,9,كَرِيمٍ,13,12,4
36:12,14,9,مُّبِينٍۢ,15,14,6
36:18,12,5,أَلِيمٌۭ,13,12,8
36:19,9,4,مُّسْرِفُونَ,11,9,6
36:26,7,4,يَعْلَمُونَ,8,7,4
36:28,13,1,مُنزِلِينَ,14,13,13
36:30,11,4,يَسْتَهْزِءُونَ,12,11,8
36:35,8,7,يَشْكُرُونَ,9,8,2
36:38,8,5,ٱلْعَلِيمِ,9,8,4
36:40,15,12,يَسْبَحُونَ,16,15,4
36:52,12,8,ٱلْمُرْسَلُونَ,13,12,5
36:60,13,1,مُّبِينٌۭ,15,13,13
36:61,5,3,مُّسْتَقِيمٌۭ,6,5,3
36:62,8,6,تَعْقِلُونَ,9,8,3
36:68,7,6,يَعْقِلُونَ,8,7,2
36:69,12,7,مُّبِينٌۭ,13,12,6
36:73,6,5,يَشْكُرُونَ,7,6,2
36:76,9,4,يُعْلِنُونَ,10,9,6
36:78,11,6,رَمِيمٌۭ,12,11,6
36:79,10,7,عَلِيمٌ,11,10,4
36:81,14,11,ٱلْعَلِيمُ,15,14,4
37:9,4,2,وَاصِبٌ,5,4,3
37:11,12,8,لَّازِبٍۭ,13,12,5
37:22,7,1,يَعْبُدُونَ,8,7,7
37:24,3,2,مَّسْـُٔولُونَ,4,3,2
37:30,10,7,طَـٰغِينَ,11,10,4
37:31,6,5,لَذَآئِقُونَ,7,6,2
37:42,3,2,مُّكْرَمُونَ,4,3,2
37:83,4,1,لَإِبْرَٰهِيمَ,5,4,4
37:102,26,16,ٱلصَّـٰبِرِينَ,28,26,11
37:105,7,4,ٱلْمُحْسِنِينَ,8,7,4
37:113,10,5,مُبِينٌۭ,11,10,6
37:138,3,2,تَعْقِلُونَ,4,3,2
37:145,4,1,سَقِيمٌۭ,5,4,4
37:158,10,6,لَمُحْضَرُونَ,11,10,5
37:170,4,3,يَعْلَمُونَ,5,4,2
38:1,4,2,ٱلذِّكْرِ,5,4,3
38:4,10,6,كَذَّابٌ,11,10,5
38:5,8,5,عُجَابٌۭ,9,8,4
38:6,12,9,يُرَادُ,13,12,4
38:8,15,6,عَذَابِ,17,15,10
38:10,10,8,ٱلْأَسْبَـٰبِ,11,10,3
38:13,7,6,ٱلْأَحْزَابُ,8,7,2
38:17,11,10,أَوَّابٌ,12,11,2
38:19,5,3,أَوَّابٌۭ,6,5,3
38:21,7,1,ٱلْمِحْرَابَ,8,7,7
38:22,23,7,ٱلصِّرَٰطِ,25,23,17
38:24,32,8,وَأَنَابَ ۩,34,32,25
38:25,9,4,مَـَٔابٍۢ,10,9,6
38:26,30,18,ٱلْحِسَابِ,31,30,13
38:27,16,8,ٱلنَّارِ,18,16,9
38:30,7,4,أَوَّابٌ,9,7,4
38:33,6,3,وَٱلْأَعْنَاقِ,7,6,4
38:35,15,13,ٱلْوَهَّابُ,16,15,3
38:42,6,3,وَشَرَابٌۭ,7,6,4
38:44,14,8,أَوَّابٌۭ,17,14,7
38:48,8,6,ٱلْأَخْيَارِ,9,8,3
38:49,6,3,مَـَٔابٍۢ,7,6,4
38:52,4,1,أَتْرَابٌ,5,4,4
38:55,5,2,مَـَٔابٍۢ,6,5,4
38:59,10,5,ٱلنَّارِ,12,10,6
38:60,11,7,ٱلْقَرَارُ,13,11,5
38:65,11,5,ٱلْقَهَّارُ,12,11,7
38:75,14,10,ٱلْعَالِينَ,15,14,5
38:76,10,5,طِينٍۢ,11,10,6
39:3,33,5,كَفَّارٌۭ,35,33,29
39:4,16,12,ٱلْقَهَّارُ,18,16,5
39:5,23,5,ٱلْغَفَّـٰرُ,27,23,19
39:6,36,15,تُصْرَفُونَ,40,36,22
39:7,31,7,ٱلصُّدُورِ,36,31,25
39:8,34,1,ٱلنَّارِ,37,34,34
39:9,24,13,ٱلْأَلْبَـٰبِ,26,24,12
39:10,21,7,حِسَابٍۢ,24,21,15
39:15,19,6,ٱلْمُبِينُ,21,19,14
39:16,16,10,فَٱتَّقُونِ,18,16,7
39:17,12,11,عِبَادِ,13,12,2
39:18,13,6,ٱلْأَلْبَـٰبِ,15,13,8
39:20,20,15,ٱلْمِيعَادَ,22,20,6
39:21,31,26,ٱلْأَلْبَـٰبِ,32,31,6
39:22,20,11,مُّبِينٍ,22,20,10
39:23,34,21,هَادٍ,36,34,14
39:24,13,8,تَكْسِبُونَ,14,13,6
39:26,12,7,يَعْلَمُونَ,14,12,6
39:29,19,14,يَعْلَمُونَ,21,19,6
39:32,15,1,لِّلْكَـٰفِرِينَ,17,15,15
39:33,8,6,ٱلْمُتَّقُونَ,9,8,3
39:34,8,6,ٱلْمُحْسِنِينَ,9,8,3
39:36,15,5,هَادٍۢ,17,15,11
39:37,12,8,ٱنتِقَامٍۢ,13,12,5
39:38,36,9,ٱلْمُتَوَكِّلُونَ,39,36,28
39:39,9,8,تَعْلَمُونَ,10,9,2
39:41,18,7,بِوَكِيلٍ,21,18,12
39:42,26,11,يَتَفَكَّرُونَ,28,26,16
39:43,14,7,يَعْقِلُونَ,15,14,8
39:44,11,5,تُرْجَعُونَ,13,11,7
39:45,18,11,يَسْتَبْشِرُونَ,19,18,8
39:47,25,18,يَحْتَسِبُونَ,26,25,8
39:49,22,16,يَعْلَمُونَ,23,22,7
39:51,15,5,بِمُعْجِزِينَ,16,15,11
39:52,15,10,يُؤْمِنُونَ,16,15,6
39:53,20,1,ٱلرَّحِيمُ,23,20,20
39:60,14,10,لِّلْمُتَكَبِّرِينَ,15,14,5
39:62,9,5,وَكِيلٌۭ,10,9,5
39:63,11,5,ٱلْخَـٰسِرُونَ,12,11,7
39:67,17,14,يُشْرِكُونَ,18,17,4
39:68,22,15,يَنظُرُونَ,23,22,8
39:71,34,7,ٱلْكَـٰفِرِينَ,36,34,28
39:72,9,7,ٱلْمُتَكَبِّرِينَ,10,9,3
39:73,20,8,خَـٰلِدِينَ,21,20,13
39:74,16,14,ٱلْعَـٰمِلِينَ,17,16,3
39:75,17,10,ٱلْعَـٰلَمِينَ,18,17,8
40:3,14,9,ٱلْمَصِيرُ,16,14,6
40:5,21,8,عِقَابِ,24,21,14
40:8,16,13,ٱلْحَكِيمُ,17,16,4
40:9,12,3,ٱلْعَظِيمُ,14,12,10
40:12,15,8,ٱلْكَبِيرِ,17,15,8
40:13,14,10,يُنِيبُ,15,14,5
40:16,15,4,ٱلْقَهَّارِ,18,15,12
40:17,13,7,ٱلْحِسَابِ,15,13,7
40:18,15,9,يُطَاعُ,16,15,7
40:20,15,4,ٱلْبَصِيرُ,17,15,12
40:21,30,1,وَاقٍۢ,32,30,30
40:22,13,10,ٱلْعِقَابِ,14,13,4
40:25,19,14,ضَلَـٰلٍۢ,20,19,6
40:26,18,8,ٱلْفَسَادَ,19,18,11
40:28,39,20,كَذَّابٌۭ,42,39,20
40:29,26,15,ٱلرَّشَادِ,27,26,12
40:31,14,10,لِّلْعِبَادِ,15,14,5
40:33,16,10,هَادٍۢ,17,16,7
40:34,30,14,مُّرْتَابٌ,32,30,17
40:35,23,9,جَبَّارٍۢ,25,23,15
40:37,23,10,تَبَابٍۢ,25,23,14
40:40,23,8,حِسَابٍۢ,24,23,16
40:41,9,1,ٱلنَّارِ,10,9,9
40:44,12,5,بِٱلْعِبَادِ,14,12,8
40:45,10,6,ٱلْعَذَابِ,11,10,5
40:46,13,6,ٱلْعَذَابِ,14,13,8
40:50,16,7,ضَلَـٰلٍ,19,16,10
40:52,10,6,ٱلدَّارِ,11,10,5
40:56,23,10,ٱلْبَصِيرُ,26,23,14
40:58,13,11,تَتَذَكَّرُونَ,14,13,3
40:60,13,6,دَاخِرِينَ,14,13,8
40:61,20,10,يَشْكُرُونَ,21,20,11
40:62,12,11,تُؤْفَكُونَ,13,12,2
40:64,21,15,ٱلْعَـٰلَمِينَ,23,21,7
40:65,14,11,ٱلْعَـٰلَمِينَ,15,14,4
40:66,20,1,ٱلْعَـٰلَمِينَ,21,20,20
40:67,30,21,تَعْقِلُونَ,32,30,10
40:68,12,5,فَيَكُونُ,13,12,8
40:70,9,8,يَعْلَمُونَ,10,9,2
40:74,17,4,ٱلْكَـٰفِرِينَ,19,17,14
40:76,8,6,ٱلْمُتَكَبِّرِينَ,9,8,3
40:77,14,6,يُرْجَعُونَ,15,14,9
40:78,32,15,ٱلْمُبْطِلُونَ,34,32,18
40:82,25,12,يَكْسِبُونَ,26,25,14
40:85,17,8,ٱلْكَـٰفِرُونَ,19,17,10
41:6,16,15,لِّلْمُشْرِكِينَ,17,16,2
41:9,14,1,ٱلْعَـٰلَمِينَ,16,14,14
41:12,19,11,ٱلْعَلِيمِ,21,19,9
41:14,23,13,كَـٰفِرُونَ,24,23,11
41:15,25,13,يَجْحَدُونَ,27,25,13
41:16,19,14,يُنصَرُونَ,21,19,6
41:21,18,6,تُرْجَعُونَ,19,18,13
41:24,11,6,ٱلْمُعْتَبِينَ,12,11,6
41:25,25,1,خَـٰسِرِينَ,27,25,25
41:28,14,6,يَجْحَدُونَ,16,14,9
41:31,16,8,تَدَّعُونَ,17,16,9
41:34,17,6,حَمِيمٌۭ,18,17,12
41:36,11,8,ٱلْعَلِيمُ,12,11,4
41:37,19,7,تَعْبُدُونَ,20,19,13
41:39,22,13,قَدِيرٌ,24,22,10
41:40,26,9,بَصِيرٌ,29,26,18
41:41,9,7,عَزِيزٌۭ,10,9,3
41:42,13,10,حَمِيدٍۢ,14,13,4
41:43,17,11,أَلِيمٍۢ,18,17,7
41:44,30,9,بَعِيدٍۢ,34,30,22
41:45,18,7,مُرِيبٍۢ,20,18,12
41:46,11,5,لِّلْعَبِيدِ,13,11,7
41:47,28,1,شَهِيدٍۢ,31,28,28
41:48,12,8,مَّحِيصٍۢ,13,12,5
41:50,32,24,غَلِيظٍۢ,33,32,9
41:53,19,12,شَهِيدٌ,20,19,8
41:54,12,8,مُّحِيطٌۢ,13,12,5
42:4,10,8,ٱلْعَظِيمُ,11,10,3
42:5,19,6,ٱلرَّحِيمُ,21,19,14
42:7,22,17,ٱلسَّعِيرِ,23,22,6
42:8,19,13,نَصِيرٍ,20,19,7
42:9,16,6,قَدِيرٌۭ,17,16,11
42:10,15,9,أُنِيبُ,16,15,7
42:11,19,4,ٱلْبَصِيرُ,23,19,16
42:12,13,5,عَلِيمٌۭ,15,13,9
42:13,38,1,يُنِيبُ,42,38,38
42:14,30,11,مُرِيبٍۢ,32,30,20
42:15,34,3,ٱلْمَصِيرُ,43,34,32
42:17,11,7,قَرِيبٌۭ,12,11,5
42:18,22,7,بَعِيدٍ,24,22,16
42:19,9,7,ٱلْعَزِيزُ,10,9,3
42:20,22,10,نَّصِيبٍ,23,22,13
42:21,22,13,أَلِيمٌۭ,24,22,10
42:22,24,9,ٱلْكَبِيرُ,27,24,16
42:23,29,10,شَكُورٌ,32,29,20
42:24,22,7,ٱلصُّدُورِ,25,22,16
42:26,12,9,شَدِيدٌۭ,13,12,4
42:27,17,1,بَصِيرٌۭ,19,17,17
42:28,13,11,ٱلْحَمِيدُ,14,13,3
42:29,16,11,قَدِيرٌۭ,17,16,6
42:31,14,6,نَصِيرٍۢ,15,14,9
42:33,15,9,شَكُورٍ,16,15,7
42:36,17,8,يَتَوَكَّلُونَ,18,17,10
42:40,14,5,ٱلظَّـٰلِمِينَ,16,14,10
42:42,15,12,أَلِيمٌۭ,16,15,4
42:44,20,10,سَبِيلٍۢ,21,20,11
42:45,27,11,مُّقِيمٍۢ,29,27,17
42:46,16,10,سَبِيلٍ,17,16,7
42:47,21,13,نَّكِيرٍۢ,22,21,9
42:48,27,7,كَفُورٌۭ,30,27,21
42:49,15,5,ٱلذُّكُورَ,17,15,11
42:50,11,5,قَدِيرٌۭ,13,11,7
42:51,22,1,حَكِيمٌۭ,24,22,22
42:52,27,7,مُّسْتَقِيمٍۢ,29,27,21
42:53,15,11,ٱلْأُمُورُ,16,15,5
43:11,12,11,تُخْرَجُونَ,13,12,2
43:15,9,6,مُّبِينٌ,10,9,4
43:19,12,8,وَيُسْـَٔلُونَ,14,12,5
43:20,15,7,يَخْرُصُونَ,17,15,9
43:24,14,1,كَـٰفِرُونَ,16,14,14
43:25,7,3,ٱلْمُكَذِّبِينَ,8,7,5
43:32,25,5,يَجْمَعُونَ,28,25,21
43:35,12,2,لِلْمُتَّقِينَ,14,12,11
43:43,8,5,مُّسْتَقِيمٍۢ,9,8,4
43:44,6,5,تُسْـَٔلُونَ,7,6,2
43:48,13,10,يَرْجِعُونَ,14,13,4
43:51,17,16,تُبْصِرُونَ,18,17,2
43:54,7,4,فَـٰسِقِينَ,8,7,4
43:57,9,1,يَصِدُّونَ,10,9,9
43:58,14,6,خَصِمُونَ,16,14,9
43:61,10,8,مُّسْتَقِيمٌۭ,11,10,3
43:62,7,4,مُّبِينٌۭ,8,7,4
43:63,17,15,وَأَطِيعُونِ,18,17,3
43:64,9,7,مُّسْتَقِيمٌۭ,10,9,3
43:65,11,5,أَلِيمٍ,12,11,7
43:71,15,7,خَـٰلِدُونَ,17,15,9
43:77,8,6,مَّـٰكِثُونَ,9,8,3
43:80,11,8,يَكْتُبُونَ,12,11,4
43:84,11,9,ٱلْعَلِيمُ,12,11,3
43:87,8,7,يُؤْفَكُونَ,9,8,2
43:89,6,5,يَعْلَمُونَ,7,6,2
44:3,8,6,مُنذِرِينَ,9,8,3
44:5,6,4,مُرْسِلِينَ,7,6,3
44:6,7,4,ٱلْعَلِيمُ,8,7,4
44:7,8,6,مُّوقِنِينَ,9,8,3
44:8,10,7,ٱلْأَوَّلِينَ,11,10,4
44:11,5,3,أَلِيمٌۭ,6,5,3
44:15,6,5,عَآئِدُونَ,7,6,2
44:17,8,1,كَرِيمٌ,9,8,8
44:18,9,6,أَمِينٌۭ,10,9,4
44:19,9,6,مُّبِينٍۢ,10,9,4
44:24,6,4,مُّغْرَقُونَ,7,6,3
44:28,4,2,ءَاخَرِينَ,5,4,3
44:31,7,3,ٱلْمُسْرِفِينَ,8,7,5
44:37,12,9,مُجْرِمِينَ,14,12,4
44:42,8,5,ٱلرَّحِيمُ,9,8,4
44:56,10,8,ٱلْجَحِيمِ,11,10,3
44:57,7,4,ٱلْعَظِيمُ,8,7,4
45:6,12,7,يُؤْمِنُونَ,13,12,6
45:8,14,12,أَلِيمٍۢ,15,14,3
45:9,11,8,مُّهِينٌۭ,12,11,4
45:10,19,4,عَظِيمٌ,21,19,16
45:11,11,3,أَلِيمٌ,12,11,9
45:12,14,1,تَشْكُرُونَ,15,14,14
45:13,16,11,يَتَفَكَّرُونَ,17,16,6
45:15,11,5,تُرْجَعُونَ,13,11,7
45:17,24,5,يَخْتَلِفُونَ,26,24,20
45:19,15,8,ٱلْمُتَّقِينَ,17,15,8
45:21,17,15,يَحْكُمُونَ,18,17,3
45:23,24,23,تَذَكَّرُونَ,25,24,2
45:24,21,13,يَظُنُّونَ,23,21,9
45:27,10,5,ٱلْمُبْطِلُونَ,11,10,6
45:28,14,5,تَعْمَلُونَ,15,14,10
45:29,11,6,تَعْمَلُونَ,12,11,6
45:30,13,10,ٱلْمُبِينُ,14,13,4
45:35,16,10,يُسْتَعْتَبُونَ,17,16,7
45:37,8,6,ٱلْحَكِيمُ,9,8,3
46:3,15,11,مُعْرِضُونَ,16,15,5
46:4,29,18,صَـٰدِقِينَ,30,29,12
46:8,25,4,ٱلرَّحِيمُ,29,25,22
46:9,24,14,مُّبِينٌۭ,25,24,11
46:10,24,19,ٱلظَّـٰلِمِينَ,25,24,6
46:11,19,12,قَدِيمٌۭ,20,19,8
46:12,16,7,لِلْمُحْسِنِينَ,17,16,10
46:15,45,5,ٱلْمُسْلِمِينَ,49,45,41
46:16,18,14,يُوعَدُونَ,19,18,5
46:18,17,15,خَـٰسِرِينَ,18,17,3
46:19,9,5,يُظْلَمُونَ,10,9,5
46:21,25,1,عَظِيمٍۢ,26,25,25
46:24,18,10,أَلِيمٌۭ,20,18,9
46:25,14,11,ٱلْمُجْرِمِينَ,15,14,4
46:28,17,10,يَفْتَرُونَ,19,17,8
46:29,18,13,مُّنذِرِينَ,19,18,6
46:32,18,15,مُّبِينٍ,19,18,4
46:33,22,17,قَدِيرٌۭ,23,22,6
46:34,18,10,تَكْفُرُونَ,20,18,9
46:35,27,11,ٱلْفَـٰسِقُونَ,30,27,17
47:2,18,14,بَالَهُمْ,19,18,5
47:3,18,14,أَمْثَـٰلَهُمْ,19,18,5
47:4,38,21,أَعْمَـٰلَهُمْ,40,38,18
47:10,16,1,أَمْثَـٰلُهَا,19,16,16
47:12,22,13,لَّهُمْ,23,22,10
47:15,44,6,أَمْعَآءَهُمْ,47,44,39
47:16,24,17,أَهْوَآءَهُمْ,25,24,8
47:18,15,8,ذِكْرَىٰهُمْ,17,15,8
47:19,14,11,وَمَثْوَىٰكُمْ,15,14,4
47:20,27,7,لَهُمْ,30,27,21
47:21,12,4,لَّهُمْ,13,12,9
47:25,16,12,لَهُمْ,17,16,5
47:26,15,13,إِسْرَارَهُمْ,16,15,3
47:30,12,6,أَعْمَـٰلَكُمْ,14,12,7
47:33,10,1,أَعْمَـٰلَكُمْ,11,10,10
47:36,13,6,أَمْوَٰلَكُمْ,14,13,8
47:38,29,11,أَمْثَـٰلَكُم,32,29,19
48:4,19,12,حَكِيمًۭا,21,19,8
48:5,19,14,عَظِيمًۭا,20,19,6
48:6,21,10,مَصِيرًۭا,24,21,12
48:7,8,5,حَكِيمًا,9,8,4
48:10,25,11,عَظِيمًۭا,27,25,15
48:11,37,11,خَبِيرًۢا,40,37,27
48:14,14,5,رَّحِيمًۭا,16,14,10
48:15,31,10,قَلِيلًۭا,35,31,22
48:16,28,14,أَلِيمًۭا,30,28,15
48:17,27,13,أَلِيمًۭا,29,27,15
48:18,19,1,قَرِيبًۭا,20,19,19
48:19,7,4,حَكِيمًۭا,8,7,4
48:21,14,9,قَدِيرًۭا,15,14,6
48:23,12,8,تَبْدِيلًۭا,13,12,5
48:24,19,15,بَصِيرًا,20,19,5
48:25,40,13,أَلِيمًا,43,40,28
48:26,28,24,عَلِيمًۭا,29,28,5
48:27,28,7,قَرِيبًا,30,28,22
48:28,14,12,شَهِيدًۭا,15,14,3
48:29,54,4,عَظِيمًۢا,60,54,51
49:1,15,10,عَلِيمٌۭ,17,15,6
49:3,17,14,عَظِيمٌ,18,17,4
49:5,12,10,رَّحِيمٌۭ,13,12,3
49:7,28,6,ٱلرَّٰشِدُونَ,30,28,23
49:8,7,5,حَكِيمٌۭ,8,7,3
49:9,30,8,ٱلْمُقْسِطِينَ,33,30,23
49:10,10,7,تُرْحَمُونَ,11,10,4
49:11,39,23,ٱلظَّـٰلِمُونَ,42,39,17
49:12,31,12,رَّحِيمٌۭ,35,31,20
49:13,20,12,خَبِيرٌۭ,22,20,9
49:14,27,1,رَّحِيمٌ,31,27,27
49:15,18,16,ٱلصَّـٰدِقُونَ,19,18,3
49:16,16,13,عَلِيمٌۭ,17,16,4
49:17,19,5,صَـٰدِقِينَ,21,19,15
49:18,10,7,تَعْمَلُونَ,11,10,4
50:1,3,2,ٱلْمَجِيدِ,4,3,2
50:3,7,5,بَعِيدٌۭ,8,7,3
50:4,9,7,حَفِيظٌۢ,10,9,3
50:11,8,3,ٱلْخُرُوجُ,10,8,6
50:14,9,5,وَعِيدِ,10,9,5
50:15,10,4,جَدِيدٍۢ,11,10,7
50:16,14,9,ٱلْوَرِيدِ,15,14,6
50:19,9,5,تَحِيدُ,10,9,5
50:20,6,4,ٱلْوَعِيدِ,7,6,3
50:27,10,1,بَعِيدٍۢ,11,10,10
50:34,5,3,ٱلْخُلُودِ,6,5,3
50:42,7,5,ٱلْخُرُوجِ,8,7,3
50:44,9,6,يَسِيرٌۭ,10,9,4
50:45,13,5,وَعِيدِ,15,13,9
51:16,9,5,مُحْسِنِينَ,10,9,5
51:21,4,3,تُبْصِرُونَ,5,4,2
51:25,9,6,مُّنكَرُونَ,10,9,4
51:28,9,4,عَلِيمٍۢ,11,9,6
51:30,8,5,ٱلْعَلِيمُ,9,8,4
51:31,5,1,ٱلْمُرْسَلُونَ,6,5,5
51:46,8,5,فَـٰسِقِينَ,9,8,4
51:50,8,4,مُّبِينٌۭ,9,8,5
51:51,11,7,مُّبِينٌۭ,12,11,5
51:53,6,3,طَاغُونَ,7,6,4
52:16,12,8,تَعْمَلُونَ,13,12,5
52:20,7,5,عِينٍۢ,8,7,3
52:21,19,15,رَهِينٌۭ,20,19,5
52:24,7,1,مَّكْنُونٌۭ,8,7,7
52:28,9,6,ٱلرَّحِيمُ,10,9,4
52:32,8,5,طَاغُونَ,9,8,4
52:33,6,4,يُؤْمِنُونَ,7,6,3
52:36,7,5,يُوقِنُونَ,8,7,3
52:38,9,6,مُّبِينٍ,10,9,4
52:42,7,4,ٱلْمَكِيدُونَ,8,7,4
52:43,9,6,يُشْرِكُونَ,10,9,4
52:48,10,6,تَقُومُ,11,10,5
53:23,25,14,ٱلْهُدَىٰٓ,27,25,12
53:26,18,1,وَيَرْضَىٰٓ,19,18,18
53:28,16,6,شَيْـًۭٔا,18,16,11
53:30,16,5,ٱهْتَدَىٰ,17,16,12
53:32,31,8,ٱتَّقَىٰٓ,35,31,24
53:52,9,5,وَأَطْغَىٰ,10,9,5
54:3,6,4,مُّسْتَقِرٌّۭ,7,6,3
54:5,5,3,ٱلنُّذُرُ,6,5,3
54:6,8,3,نُّكُرٍ,9,8,6
54:8,8,4,عَسِرٌۭ,9,8,5
54:9,9,1,وَٱزْدُجِرَ,10,9,9
54:28,8,6,مُّحْتَضَرٌۭ,9,8,3
54:34,9,8,بِسَحَرٍۢ,10,9,2
54:35,7,4,شَكَرَ,8,7,4
55:29,10,6,شَأْنٍۢ,11,10,5
55:33,16,13,بِسُلْطَـٰنٍۢ,17,16,4
55:54,9,7,دَانٍۢ,10,9,3
56:75,4,1,ٱلنُّجُومِ,5,4,4
57:1,9,7,ٱلْحَكِيمُ,10,9,3
57:2,11,5,قَدِيرٌ,13,11,7
57:3,9,6,عَلِيمٌ,10,9,4
57:4,36,13,بَصِيرٌۭ,39,36,24
57:5,8,5,ٱلْأُمُورُ,9,8,4
57:6,12,9,ٱلصُّدُورِ,13,12,4
57:7,15,9,كَبِيرٌۭ,16,15,7
57:8,15,6,مُّؤْمِنِينَ,16,15,10
57:9,17,13,رَّحِيمٌۭ,18,17,5
57:10,37,12,خَبِيرٌۭ,41,37,26
57:12,22,19,ٱلْعَظِيمُ,23,22,4
57:14,20,5,ٱلْغَرُورُ,21,20,16
57:15,15,10,ٱلْمَصِيرُ,18,15,6
57:16,28,1,فَـٰسِقُونَ,30,28,28
57:17,13,8,تَعْقِلُونَ,14,13,6
57:19,20,8,ٱلْجَحِيمِ,22,20,13
57:20,39,14,ٱلْغُرُورِ,42,39,26
57:21,25,16,ٱلْعَظِيمِ,27,25,10
57:22,21,17,يَسِيرٌۭ,22,21,5
57:23,15,10,فَخُورٍ,16,15,6
57:24,12,6,ٱلْحَمِيدُ,13,12,7
57:25,28,12,عَزِيزٌۭ,30,28,17
57:26,14,10,فَـٰسِقُونَ,16,14,5
57:27,39,32,فَـٰسِقُونَ,41,39,8
57:28,21,19,رَّحِيمٌۭ,22,21,3
57:29,22,12,ٱلْعَظِيمِ,24,22,11
58:1,18,15,بَصِيرٌ,19,18,4
58:2,23,9,غَفُورٌۭ,26,23,15
58:3,21,15,خَبِيرٌۭ,23,21,7
58:4,26,11,أَلِيمٌ,30,26,16
58:5,18,12,مُّهِينٌۭ,20,18,7
58:6,15,8,شَهِيدٌ,17,15,8
58:7,47,12,عَلِيمٌ,50,47,36
58:8,38,34,ٱلْمَصِيرُ,40,38,5
58:9,19,15,تُحْشَرُونَ,20,19,5
58:10,17,14,ٱلْمُؤْمِنُونَ,18,17,4
58:11,30,14,خَبِيرٌۭ,32,30,17
58:12,22,12,رَّحِيمٌ,24,22,11
58:13,24,8,تَعْمَلُونَ,26,24,17
58:14,19,1,يَعْلَمُونَ,20,19,19
58:15,10,6,يَعْمَلُونَ,11,10,5
58:17,15,10,خَـٰلِدُونَ,17,15,6
58:18,17,10,ٱلْكَـٰذِبُونَ,19,17,8
58:19,15,7,ٱلْخَـٰسِرُونَ,17,15,9
58:21,9,6,عَزِيزٌۭ,10,9,4
58:22,51,22,ٱلْمُفْلِحُونَ,56,51,30
59:1,11,9,ٱلْحَكِيمُ,12,11,3
59:2,40,13,ٱلْأَبْصَـٰرِ,44,40,28
59:3,14,10,ٱلنَّارِ,15,14,5
59:4,12,6,ٱلْعِقَابِ,13,12,7
59:6,25,21,قَدِيرٌۭ,26,25,5
59:7,37,24,ٱلْعِقَابِ,40,37,14
59:8,18,16,ٱلصَّـٰدِقُونَ,19,18,3
59:9,31,25,ٱلْمُفْلِحُونَ,32,31,7
59:11,28,1,لَكَـٰذِبُونَ,29,28,28
59:13,12,8,يَفْقَهُونَ,13,12,5
59:14,23,12,يَعْقِلُونَ,26,23,12
59:15,11,6,أَلِيمٌۭ,12,11,6
59:17,10,8,ٱلظَّـٰلِمِينَ,11,10,3
59:18,17,11,تَعْمَلُونَ,19,17,7
59:19,10,8,ٱلْفَـٰسِقُونَ,11,10,3
59:20,10,7,ٱلْفَآئِزُونَ,11,10,4
59:21,18,13,يَتَفَكَّرُونَ,19,18,6
59:22,13,8,ٱلرَّحِيمُ,15,13,6
59:23,19,16,يُشْرِكُونَ,20,19,4
59:24,17,6,ٱلْحَكِيمُ,20,17,12
60:1,48,21,ٱلسَّبِيلِ,51,48,28
60:3,13,6,بَصِيرٌۭ,15,13,8
60:4,52,46,ٱلْمَصِيرُ,53,52,7
60:5,13,10,ٱلْحَكِيمُ,14,13,4
60:6,19,13,ٱلْحَمِيدُ,20,19,7
60:7,15,1,رَّحِيمٌۭ,18,15,15
60:8,21,18,ٱلْمُقْسِطِينَ,22,21,4
60:9,21,17,ٱلظَّـٰلِمُونَ,22,21,5
60:10,55,9,حَكِيمٌۭ,64,55,47
60:11,21,16,مُؤْمِنُونَ,22,21,6
60:12,38,31,رَّحِيمٌۭ,40,38,8
61:1,11,9,ٱلْحَكِيمُ,12,11,3
61:5,23,14,ٱلْفَـٰسِقِينَ,25,23,10
61:6,31,25,مُّبِينٌۭ,32,31,7
61:7,16,12,ٱلظَّـٰلِمِينَ,17,16,5
61:11,15,10,تَعْلَمُونَ,16,15,6
61:12,17,15,ٱلْعَظِيمُ,18,17,3
61:13,9,3,ٱلْمُؤْمِنِينَ,11,9,7
61:14,35,17,ظَـٰهِرِينَ,38,35,19
62:3,8,6,ٱلْحَكِيمُ,9,8,3
62:4,10,7,ٱلْعَظِيمِ,11,10,4
62:5,23,12,ٱلظَّـٰلِمِينَ,25,23,12
62:7,9,7,بِٱلظَّـٰلِمِينَ,10,9,3
62:8,18,9,تَعْمَلُونَ,19,18,10
62:9,21,16,تَعْلَمُونَ,22,21,6
62:11,21,10,ٱلرَّٰزِقِينَ,23,21,12
63:1,17,9,لَكَـٰذِبُونَ,18,17,9
63:2,12,8,يَعْمَلُونَ,13,12,5
63:4,22,1,يُؤْفَكُونَ,29,22,22
63:6,18,13,ٱلْفَـٰسِقِينَ,19,18,6
63:7,20,13,يَفْقَهُونَ,21,20,8
63:8,17,10,يَعْلَمُونَ,18,17,8
63:9,17,12,ٱلْخَـٰسِرُونَ,18,17,6
63:11,11,8,تَعْمَلُونَ,12,11,4
64:1,17,9,قَدِيرٌ,19,17,9
64:2,11,8,بَصِيرٌ,12,11,4
64:3,9,8,ٱلْمَصِيرُ,10,9,2
64:4,14,11,ٱلصُّدُورِ,15,14,4
64:6,16,12,حَمِيدٌۭ,18,16,5
64:7,18,7,يَسِيرٌۭ,20,18,12
64:8,10,7,خَبِيرٌۭ,11,10,4
64:9,27,5,ٱلْعَظِيمُ,30,27,23
64:10,11,10,ٱلْمَصِيرُ,12,11,2
64:11,16,8,عَلِيمٌۭ,18,16,9
64:12,11,5,ٱلْمُبِينُ,12,11,7
64:13,9,6,ٱلْمُؤْمِنُونَ,10,9,4
64:14,18,11,رَّحِيمٌ,19,18,8
64:15,8,5,عَظِيمٌۭ,9,8,4
64:16,16,10,ٱلْمُفْلِحُونَ,17,16,7
64:17,12,10,حَلِيمٌ,13,12,3
65:1,41,10,أَمْرًۭا,46,41,32
65:2,30,16,مَخْرَجًۭا,32,30,15
65:3,21,6,قَدْرًۭا,24,21,16
65:4,28,15,يُسْرًۭا,30,28,14
65:5,14,6,أَجْرًا,15,14,9
65:6,32,11,أُخْرَىٰ,36,32,22
65:7,25,6,يُسْرًۭا,28,25,20
65:10,16,6,ذِكْرًۭا,18,16,11
65:11,34,16,رِزْقًا,36,34,19
66:1,14,9,رَّحِيمٌۭ,16,14,6
66:2,11,7,ٱلْحَكِيمُ,13,11,5
66:3,29,19,ٱلْخَبِيرُ,31,29,11
66:4,21,8,ظَهِيرٌ,23,21,14
66:7,11,7,تَعْمَلُونَ,12,11,5
66:8,45,29,قَدِيرٌۭ,47,45,17
66:9,11,8,ٱلْمَصِيرُ,13,11,4
66:10,27,10,ٱلدَّٰخِلِينَ,28,27,18
67:2,11,9,ٱلْغَفُورُ,12,11,3
67:3,18,6,فُطُورٍۢ,20,18,13
67:5,12,9,ٱلسَّعِيرِ,13,12,4
67:6,7,6,ٱلْمَصِيرُ,8,7,2
67:8,13,5,نَذِيرٌۭ,14,13,9
67:13,9,6,ٱلصُّدُورِ,10,9,4
67:15,14,13,ٱلنُّشُورُ,15,14,2
67:17,12,10,نَذِيرِ,13,12,3
67:19,15,8,بَصِيرٌ,17,15,8
67:20,15,11,غُرُورٍ,16,15,5
67:21,12,8,وَنُفُورٍ,13,12,5
67:23,12,10,تَشْكُرُونَ,13,12,3
67:29,13,8,مُّبِينٍۢ,14,13,6
68:1,4,2,يَسْطُرُونَ,5,4,3
68:33,8,3,يَعْلَمُونَ,10,8,6
68:39,12,9,تَحْكُمُونَ,13,12,4
68:43,11,5,سَـٰلِمُونَ,12,11,7
68:44,10,6,يَعْلَمُونَ,11,10,5
68:45,5,3,مَتِينٌ,6,5,3
69:17,9,4,ثَمَـٰنِيَةٌۭ,10,9,6
69:41,7,5,تُؤْمِنُونَ,8,7,3
69:42,6,4,تَذَكَّرُونَ,7,6,3
70:11,9,2,بِبَنِيهِ,10,9,8
70:15,3,2,لَظَىٰ,4,3,2
70:19,4,1,هَلُوعًا,5,4,4
70:39,5,2,يَعْلَمُونَ,6,5,4
70:44,9,5,يُوعَدُونَ,10,9,5
71:4,18,9,تَعْلَمُونَ,20,18,10
71:24,8,4,ضَلَـٰلًۭا,9,8,5
72:2,9,6,أَحَدًۭا,10,9,4
72:9,13,7,رَّصَدًۭا,14,13,7
72:11,9,7,قِدَدًۭا,10,9,3
72:13,14,7,رَهَقًۭا,15,14,8
72:14,10,6,رَشَدًۭا,11,10,5
72:17,10,3,صَعَدًۭا,11,10,8
72:23,16,6,أَبَدًا,17,16,11
73:18,6,4,مَفْعُولًا,7,6,3
73:19,9,4,سَبِيلًا,10,9,6
73:20,78,1,رَّحِيمٌۢ,90,78,78
74:16,5,2,عَنِيدًۭا,6,5,4
74:31,57,7,لِلْبَشَرِ,63,57,51
74:53,5,2,ٱلْـَٔاخِرَةَ,6,5,4
74:56,11,7,ٱلْمَغْفِرَةِ,12,11,5
75:27,3,3,رَاقٍۢ,4,3,1
76:13,10,5,زَمْهَرِيرًۭا,11,10,6
76:19,9,1,مَّنثُورًۭا,10,9,9
76:21,13,6,طَهُورًا,14,13,8
76:28,9,5,تَبْدِيلًا,10,9,5
76:29,9,4,سَبِيلًۭا,10,9,6
76:30,11,7,حَكِيمًۭا,12,11,5
76:31,10,6,أَلِيمًۢا,11,10,5
77:38,5,4,وَٱلْأَوَّلِينَ,6,5,2
78:37,10,7,خِطَابًۭا,11,10,4
78:38,14,6,صَوَابًۭا,15,14,9
78:39,9,4,مَـَٔابًا,10,9,6
79:27,6,6,بَنَىٰهَا,7,6,1
82:19,9,7,لِّلَّهِ,10,9,3
83:14,8,2,يَكْسِبُونَ,10,8,7
83:26,6,3,ٱلْمُتَنَـٰفِسُونَ,7,6,4
85:9,10,6,شَهِيدٌ,11,10,5
85:11,14,12,ٱلْكَبِيرُ,15,14,3
87:7,9,5,يَخْفَىٰ,10,9,5
89:17,5,2,ٱلْيَتِيمَ,6,5,4
89:23,9,4,ٱلذِّكْرَىٰ,10,9,6
98:5,16,14,ٱلْقَيِّمَةِ,17,16,3
98:6,16,13,ٱلْبَرِيَّةِ,17,16,4
98:8,21,13,رَبَّهُۥ,23,21,9
100:9,7,1,ٱلْقُبُورِ,8,7,7
104:4,4,2,ٱلْحُطَمَةِ,5,4,3
110:3,7,5,تَوَّابًۢا,8,7,3
